code,prefecture,city,2017,2018,2019,2020,2021,2022,2023,2024,cagr_7y
82015,Ibaraki,水戸市,416448312,428349796,428656704,437385457,453457561,458406321,468250554,476642037,0.019473
82023,Ibaraki,日立市,267724888,267882453,272205334,268409525,273174743,275152369,278022204,279417846,0.006126
82031,Ibaraki,土浦市,207249608,211109551,214909041,217587160,222020995,227747298,234410037,235783853,0.018598
82040,Ibaraki,古河市,193254842,198029216,199048206,201100351,205404641,209099930,214475041,215756542,0.015859
82058,Ibaraki,石岡市,93479189,94162922,97503194,96546224,97671640,98929004,99764536,98837719,0.007995
82074,Ibaraki,結城市,67676257,69182107,70576230,68671696,70790937,72168967,72803165,73738693,0.012331
82082,Ibaraki,龍ケ崎市,110619591,113454282,111752121,112136708,114793355,116527404,118809456,120798641,0.012655
82104,Ibaraki,下妻市,55486581,56043439,55904560,56201238,57763059,59149313,59729977,60714289,0.012946
82112,Ibaraki,常総市,76628356,80074765,83077797,82569171,84827849,86764379,87256897,87419474,0.019
82121,Ibaraki,常陸太田市,64243569,64557396,64435832,63930877,64766576,64235212,64077921,62594843,-0.003707
82147,Ibaraki,高萩市,35248057,35277392,35289842,34931919,35776571,36128766,36307182,34940675,-0.00125
82155,Ibaraki,北茨城市,53481905,55621361,54519234,54681927,55857510,55906834,56744354,55302241,0.004793
82163,Ibaraki,笠間市,93436624,94939063,95243593,95294156,98960307,101166697,101925902,103119030,0.014185
82171,Ibaraki,取手市,152137840,154411674,155412689,156716353,160161219,161409914,165527001,167193579,0.013572
82198,Ibaraki,牛久市,133551399,134996323,137530479,138378681,147775603,143576233,146122944,147691261,0.014481
82201,Ibaraki,つくば市,415052722,428973366,446913661,459838831,482667241,516438440,533820454,553720128,0.042039
82210,Ibaraki,ひたちなか市,241405141,247285053,251971299,254366979,262413497,271597368,274014998,280808333,0.021834
82228,Ibaraki,鹿嶋市,93294829,95153623,97532800,97734564,98956303,99639596,103741926,103899636,0.015499
82236,Ibaraki,潮来市,36250602,35662091,36086157,36115550,36557361,36880650,37852586,37373807,0.004369
82244,Ibaraki,守谷市,120718421,123177437,126891095,131265101,135408101,141674383,146727637,151297752,0.032781
82252,Ibaraki,常陸大宮市,46572065,47292773,47147976,46467124,47371799,48113476,48374617,47632761,0.003222
82261,Ibaraki,那珂市,70495179,71711839,72864848,72928001,75862955,78029693,78965381,78910334,0.01624
82279,Ibaraki,筑西市,130420570,133694096,136050357,135491817,139699074,141123489,143365833,143758383,0.014007
82287,Ibaraki,坂東市,69359061,69239397,68475421,68107529,71100511,71224133,73000383,74017455,0.00933
82295,Ibaraki,稲敷市,49236576,50211804,49412138,48902810,49628878,49563346,50064424,49619028,0.001106
82309,Ibaraki,かすみがうら市,55147869,60871360,56791373,56703343,63246617,59577727,60697351,61382593,0.015419
82317,Ibaraki,桜川市,49141287,49939929,50198333,49364273,50122781,50591344,51187074,49596536,0.001318
82325,Ibaraki,神栖市,140390605,143251188,149413884,150837377,154711032,157035139,161201390,165041995,0.023379
82333,Ibaraki,行方市,40680406,40898891,41458745,41306476,41221412,42013191,42025141,41567586,0.003087
82341,Ibaraki,鉾田市,54284648,56445097,56677825,55214505,57414668,59622933,61148942,61142093,0.017139
82350,Ibaraki,つくばみらい市,75417838,78205747,80728405,81167701,84948700,89967969,92436569,95425616,0.034186
82368,Ibaraki,小美玉市,63537187,64512672,66578367,64711795,66476534,68870361,68946637,68420049,0.010633
83020,Ibaraki,茨城町,39373066,38576970,37994425,38427910,39607970,40841497,40413615,40307789,0.003357
83097,Ibaraki,大洗町,19790664,20114259,20427264,20371273,20884065,20856668,21022388,21689378,0.013173
83101,Ibaraki,城里町,21924000,22089743,22317778,21962436,22086546,22275899,22634352,22248164,0.002099
83411,Ibaraki,東海村,59476407,61100730,62734064,63738801,66173752,67447941,69299105,69420882,0.022333
83640,Ibaraki,大子町,16458635,16404358,16398826,15796935,16097941,16026490,16030465,15557037,-0.008016
84425,Ibaraki,美浦村,22386850,22398157,22126957,22160568,22643415,22662895,22865764,23043734,0.00414
84433,Ibaraki,阿見町,65523321,66561708,67683215,69083876,71850686,74807558,77675491,79542966,0.028086
84476,Ibaraki,河内町,10326784,10455885,10365743,10094554,10105451,10147953,9986311,9901879,-0.005984
85219,Ibaraki,八千代町,28433681,29059206,27606742,26979928,28355478,28612623,28306963,28493923,0.000302
85421,Ibaraki,五霞町,10806793,10930988,11019466,11082724,11155367,11508729,10696715,10946682,0.001839
85464,Ibaraki,境町,31738400,32252079,32947796,32686424,33895209,35115170,36794566,35382429,0.015648
85642,Ibaraki,利根町,19304338,19171568,19105065,18986569,19547787,19258831,19002960,18730634,-0.004301
111007,Saitama,さいたま市,2384892862,2465922660,2545363602,2583210849,2666055054,2785429184,2900807829,2966025408,0.031643
111015,Saitama,さいたま市西区,,,,,,,,,0.031643
111023,Saitama,さいたま市北区,,,,,,,,,0.031643
111031,Saitama,さいたま市大宮区,,,,,,,,,0.031643
111040,Saitama,さいたま市見沼区,,,,,,,,,0.031643
111058,Saitama,さいたま市中央区,,,,,,,,,0.031643
111066,Saitama,さいたま市桜区,,,,,,,,,0.031643
111074,Saitama,さいたま市浦和区,,,,,,,,,0.031643
111082,Saitama,さいたま市南区,,,,,,,,,0.031643
111091,Saitama,さいたま市緑区,,,,,,,,,0.031643
111104,Saitama,さいたま市岩槻区,,,,,,,,,0.031643
112011,Saitama,川越市,546831564,562470115,568758092,576200725,588400706,611760705,621069190,642847104,0.023379
112020,Saitama,熊谷市,289378775,294376973,298566684,302333762,303173605,310110373,318455283,321462158,0.015134
112038,Saitama,川口市,976854606,1002471762,1030800932,1054091250,1084272626,1132140000,1152316207,1183725345,0.027821
112062,Saitama,行田市,110949760,111811665,112760929,112849224,115490776,117092971,117404363,118362086,0.009282
112071,Saitama,秩父市,75183528,76202463,77214841,77579133,78514201,81210615,80354161,79571278,0.008136
112089,Saitama,所沢市,578261017,586097049,594842286,601416981,608549915,634004527,645416162,670697945,0.021411
112097,Saitama,飯能市,116242951,116835492,119442354,120172405,121178103,124221868,126590160,128008956,0.013869
112101,Saitama,加須市,151410112,154057791,155669700,156581578,159545268,163416988,166871034,169129488,0.015936
112119,Saitama,本庄市,107957336,108656097,108691250,109830455,112433409,117538029,128455462,120528217,0.01586
112127,Saitama,東松山市,127548658,131190015,133777349,133478976,136504073,140429506,143257251,145756832,0.019246
112143,Saitama,春日部市,333026600,337128320,341610733,345309222,352054345,360093836,364412021,368852525,0.014703
112151,Saitama,狭山市,228087370,229062031,230589917,234576201,234134649,239049102,241375513,244456655,0.009951
112160,Saitama,羽生市,72217223,73595224,74912003,75363797,77228252,78148532,80354989,79323376,0.013498
112178,Saitama,鴻巣市,174896976,177831137,181266114,181828391,183497704,188772927,193216569,192805365,0.014024
112186,Saitama,深谷市,195330751,198079537,202044434,202352620,209203112,214485831,216456629,216486907,0.014799
112194,Saitama,上尾市,350776159,363976486,368003570,371124191,380208859,396548452,404801849,413624587,0.023824
112216,Saitama,草加市,392261849,403028749,417081159,422774698,431591323,448188160,465822256,471590616,0.026661
112224,Saitama,越谷市,538830281,551953972,569405243,578289927,592142565,612274416,631760614,635201220,0.023784
112232,Saitama,蕨市,125354940,126841340,131778964,133580990,135640696,142108127,144068800,147965573,0.023973
112241,Saitama,戸田市,253596752,260891696,266314639,271123042,280409567,291244879,298664914,308471957,0.028379
112259,Saitama,入間市,221892746,225706919,228220654,227024121,230485834,237248886,240286617,238396569,0.010301
112275,Saitama,朝霞市,250929697,261581832,270614559,279251759,284775546,300460771,305463422,335615461,0.042417
112283,Saitama,志木市,132604232,136499746,139766816,141072352,146111660,150453786,150052273,154083925,0.021679
112291,Saitama,和光市,161706418,166103331,180444673,177157327,183981117,190028909,196213675,203920996,0.033691
112305,Saitama,新座市,260787101,270300751,271136863,273771266,280089211,290784297,299706381,305816484,0.023015
112313,Saitama,桶川市,112788265,116429385,117451078,117065339,120277448,125395010,125034717,128591004,0.018909
112321,Saitama,久喜市,228792500,233199238,233505442,233094887,239596333,245060617,250570076,251060149,0.013357
112330,Saitama,北本市,99506817,99965343,101504033,101235715,103796928,105671577,106720383,109804375,0.014167
112348,Saitama,八潮市,138191519,146284379,152216880,158275240,165021766,171070311,176500193,181932574,0.040067
112356,Saitama,富士見市,175940620,182747490,194697328,188524816,195411396,206937844,210188304,216496850,0.030076
112372,Saitama,三郷市,213342351,219579496,228322328,234763003,239892993,261332207,253787652,256051197,0.026411
112381,Saitama,蓮田市,97602419,98354594,97751419,97333050,99830702,104064972,105631434,108707457,0.015513
112399,Saitama,坂戸市,143641891,145053260,149362129,150438962,152040668,155966274,158387975,161206931,0.016617
112402,Saitama,幸手市,67632056,68591185,68557091,68158780,68867409,69925235,70928149,71778552,0.008537
112411,Saitama,鶴ケ島市,106014979,108616474,108583564,109402729,113443744,118288460,118696101,120512429,0.018479
112429,Saitama,日高市,77573545,78185749,78756289,79152114,80664228,81555980,83965024,83048946,0.009791
112437,Saitama,吉川市,110534307,112635711,115880918,117685201,121893376,125371268,127937723,129987124,0.023429
112453,Saitama,ふじみ野市,181163654,185950494,189386722,191550986,194732641,207462548,207855849,213206744,0.023539
112461,Saitama,白岡市,86135275,85105110,85957860,86650338,88475104,91590444,93265776,94715285,0.013658
113018,Saitama,伊奈町,65636464,67125976,69389313,69606408,72185388,74908831,77929318,77968953,0.024902
113247,Saitama,三芳町,58686185,60429458,60303243,64474922,62158692,63575095,66080571,64522878,0.013637
113263,Saitama,毛呂山町,43277302,42873253,43442888,43551244,44326723,44671535,45023368,45004854,0.005607
113271,Saitama,越生町,15020492,15120171,15230908,15271759,15340302,15646357,15635169,15385213,0.003433
113417,Saitama,滑川町,26448149,27833896,28588846,28997217,30578015,31657676,32134060,32718526,0.03086
113425,Saitama,嵐山町,22898915,23496849,24008313,24031416,24316859,25118228,25568333,25443484,0.015167
113433,Saitama,小川町,40415251,40245777,39418455,39052693,38400618,39197751,38454504,38077191,-0.008477
113468,Saitama,川島町,26377790,26771613,26908368,26826023,26779560,26913121,27681288,27604522,0.006515
113476,Saitama,吉見町,25552851,25687241,26105833,25581136,25897770,25669903,25659926,25596463,0.000244
113484,Saitama,鳩山町,18696156,19091253,18661663,18065470,18085545,18570342,18389525,18946785,0.001904
113492,Saitama,ときがわ町,13886285,13784511,13510039,13383391,13466229,13786583,13798511,13361952,-0.005484
113611,Saitama,横瀬町,10143287,10348565,10366665,10346353,10585220,10854844,10871987,10659514,0.007117
113620,Saitama,皆野町,10914421,11181796,11265466,11171605,11729453,11980056,11863171,11498603,0.007476
113638,Saitama,長瀞町,8601405,8743070,9024463,8678098,8769500,8778315,8713073,8251754,-0.005911
113654,Saitama,小鹿野町,12858586,12945885,13010838,12593107,12770821,13255022,13820364,12441393,-0.004701
113697,Saitama,東秩父村,2961101,2840482,2848594,2854023,2971182,3204129,2894435,2826643,-0.006617
113816,Saitama,美里町,13023813,13265523,13602419,13687223,13972268,14435101,14578351,14358476,0.014035
113832,Saitama,神川町,15643015,15926271,15825007,15779977,16360439,16715364,17181373,16693331,0.009327
113859,Saitama,上里町,38811854,39112591,40314356,40131042,40675927,42082364,43133322,42977743,0.014672
114081,Saitama,寄居町,41189449,41504207,41788975,42405430,42438136,43338265,43960474,43604789,0.008174
114421,Saitama,宮代町,46848428,47168109,47921161,48879832,49937909,50919464,51702161,52611896,0.016713
114642,Saitama,杉戸町,61854040,63296608,63033601,63957545,64471595,66484090,66596256,67508469,0.012575
114651,Saitama,松伏町,39836224,40774618,40799139,40484590,41288712,42258435,42553140,42157048,0.008122
121002,Chiba,千葉市,1692257350,1708152434,1755287850,1898328179,1834691120,1896749580,1943129096,2023976160,0.025901
121011,Chiba,千葉市中央区,,,,,,,,,0.025901
121029,Chiba,千葉市花見川区,,,,,,,,,0.025901
121037,Chiba,千葉市稲毛区,,,,,,,,,0.025901
121045,Chiba,千葉市若葉区,,,,,,,,,0.025901
121053,Chiba,千葉市緑区,,,,,,,,,0.025901
121061,Chiba,千葉市美浜区,,,,,,,,,0.025901
122025,Chiba,銚子市,82791661,79571852,79568135,75639797,77982593,78569437,77257712,76128311,-0.011915
122033,Chiba,市川市,941547338,979137408,999551515,1023210079,1051117685,1081440896,1111461245,1154627642,0.029573
122041,Chiba,船橋市,1103635440,1136823604,1164645036,1181288903,1212692212,1256095883,1296308876,1319571008,0.025857
122050,Chiba,館山市,54967639,55456848,55203941,55041206,57493077,59556098,59964197,59598471,0.011622
122068,Chiba,木更津市,198861699,205761878,212271242,216659922,222056686,234688557,240272281,246956562,0.031427
122076,Chiba,松戸市,824776682,844124269,880404689,868340589,893980476,920134146,946064122,970990078,0.023589
122084,Chiba,野田市,209183108,217615877,217663967,222182620,226842166,231767120,235036350,237762795,0.018463
122106,Chiba,茂原市,120775803,122076163,123173497,123023048,124623165,126896284,129788589,128209383,0.008569
122114,Chiba,成田市,210409422,214546971,217521006,218336967,217426741,218861027,232179997,241296041,0.01976
122122,Chiba,佐倉市,287830693,291077456,291715530,291463824,293578846,299551963,299771193,306586777,0.009059
122131,Chiba,東金市,75222923,76660577,77558179,77612736,81193853,80341894,80615010,81185611,0.010957
122157,Chiba,旭市,83724062,84550345,85315386,85828653,87875242,90469955,89367702,89901733,0.010222
122165,Chiba,習志野市,314409223,323719503,329185744,333965457,345293186,358830469,366842924,376028018,0.025897
122173,Chiba,柏市,720218513,729689286,746569138,765791205,795079370,820956124,840794611,868239435,0.027062
122181,Chiba,勝浦市,18953641,18727324,18636564,18154864,18415564,19300735,19443043,20036550,0.007969
122190,Chiba,市原市,411298907,417636841,424182163,424460269,437843279,450644915,451454140,456478197,0.015
122203,Chiba,流山市,323767946,345149719,358745436,388208194,394909037,416340273,436398782,457258737,0.050554
122211,Chiba,八千代市,319766132,332579163,337410066,339844945,361385739,373304122,381976518,396009232,0.031021
122220,Chiba,我孫子市,221634153,221330825,223993079,225260803,228827428,233727585,241395625,244797114,0.014302
122238,Chiba,鴨川市,41187369,42411767,41359932,40880581,43120675,44611024,45604458,45129282,0.013143
122246,Chiba,鎌ケ谷市,165935559,172552709,170992470,173188000,184031962,180942738,183211709,191481149,0.020666
122254,Chiba,君津市,124701669,127610905,126223784,127072928,126810026,129683019,133153663,132878033,0.009114
122262,Chiba,富津市,57150890,60936139,57696571,57513079,58665073,60091590,60178855,59898451,0.006731
122271,Chiba,浦安市,397481679,400981804,414712047,425566308,423931243,441320994,456306538,727065077,0.090097
122289,Chiba,四街道市,142654534,147659533,148194913,150439353,156131960,160119314,165828213,166523341,0.022347
122297,Chiba,袖ケ浦市,90343158,94209795,97227870,99727575,104212069,109307053,112104424,115094955,0.035197
122301,Chiba,八街市,86474537,87901310,88657909,87458018,88335137,89453641,90790071,99873864,0.020793
122319,Chiba,印西市,163272429,168615799,173822043,179797487,188218475,196096779,204690275,211024303,0.03733
122327,Chiba,白井市,102356063,103874423,104972862,104733667,108677668,109511520,113699807,113010432,0.014247
122335,Chiba,富里市,66934578,67845799,69988318,70244952,71246676,72621765,74320713,76292185,0.018869
122343,Chiba,南房総市,39504203,39492194,38938551,38486278,40000209,41554791,40535872,40003866,0.001797
122351,Chiba,匝瑳市,43768284,44308322,44808635,44454411,45656037,46056301,46599205,45101446,0.004296
122360,Chiba,香取市,94622358,96671572,96272799,95695037,97557924,98552354,96923380,97076310,0.003664
122378,Chiba,山武市,60886661,61009311,61899934,61094967,61522129,62101687,62718136,62454751,0.003639
122386,Chiba,いすみ市,42054692,42167813,42221298,41801320,43104021,44590358,44054819,43405481,0.004527
122394,Chiba,大網白里市,68135853,68879114,70672592,69137436,70730012,72194942,72857869,73280151,0.010452
123226,Chiba,酒々井町,28859417,29299966,29155211,29386779,29213098,29830086,30537224,30566364,0.008243
123293,Chiba,栄町,28564656,28673859,28055215,28112690,27902895,27591039,27858640,27314309,-0.006374
123421,Chiba,神崎町,7808786,7835463,7878039,7805536,7868073,7801042,8023432,8039781,0.004173
123471,Chiba,多古町,17852081,18548730,17781957,17349787,17817563,20751676,23840438,22623284,0.034416
123498,Chiba,東庄町,16846559,17179574,18024747,17196331,17693295,17832490,17955092,18000524,0.00951
124036,Chiba,九十九里町,17633381,17702294,17637292,17331449,17860943,18094495,17760049,17074492,-0.004591
124095,Chiba,芝山町,9901358,9878048,9856050,9903157,9810110,11787613,16451339,19492294,0.1016
124109,Chiba,横芝光町,26853821,27403410,27731533,27472508,28398050,28528607,28967525,28851217,0.010302
124214,Chiba,一宮町,16212227,15861018,15989348,16086138,17372758,18304671,18704517,19553810,0.027134
124222,Chiba,睦沢町,12280033,7824309,8197063,7895735,8453802,8448952,8093829,7810265,-0.062603
124231,Chiba,長生村,17106866,17196328,17411898,17219886,17897242,18187337,18705485,18153729,0.008521
124249,Chiba,白子町,12538979,12605755,12738991,12773776,12887000,12988438,12893913,13985493,0.015719
124265,Chiba,長柄町,8741287,8570540,8538852,8225231,8301906,8269589,8159953,8069083,-0.011366
124273,Chiba,長南町,9333358,9360185,9205898,9021097,9051591,9102359,9075332,8888483,-0.006953
124419,Chiba,大多喜町,9581653,9678381,9517983,9534198,9749300,9862224,9670525,9362935,-0.003293
124435,Chiba,御宿町,8206492,9530353,7935342,7968091,8346555,8899545,9138887,9088512,0.014691
124630,Chiba,鋸南町,8333009,8384283,8421885,8261734,8412870,8551374,8125107,7989689,-0.005992
131016,Tokyo,千代田区,333664476,362690825,412894018,400984266,398238882,438352004,460937758,480902182,0.053606
131024,Tokyo,中央区,562306834,604855042,670370026,684753903,725351426,786357228,820765956,871427172,0.064583
131032,Tokyo,港区,1541982291,1592760255,1762150325,1704945973,1696889664,2149577752,2075473639,2642899172,0.080012
131041,Tokyo,新宿区,926402861,994411782,1026190031,1044274299,1063466256,1133909787,1170367488,1209053770,0.038773
131059,Tokyo,文京区,718111843,738614951,773666417,778597546,785705835,858901655,925033955,987943088,0.046626
131067,Tokyo,台東区,433617929,453906868,479526036,504292100,518318244,560968113,588074126,628851137,0.05454
131075,Tokyo,墨田区,526774130,555077580,580134059,604651466,630831166,655879661,689628811,739872536,0.049726
131083,Tokyo,江東区,1123594742,1180594120,1236401045,1261281380,1319513475,1389759337,1470056301,1543768802,0.04643
131091,Tokyo,品川区,1011051510,1073975422,1141412901,1189250332,1236754013,1313406206,1335981478,1422496491,0.049984
131105,Tokyo,目黒区,945905092,982732740,1034837629,1047325161,1053261584,1117178705,1177733747,1257171367,0.041477
131113,Tokyo,大田区,1648342738,1700157096,1775178038,1792361034,1844274562,1876201519,1945410441,2042962328,0.031136
131121,Tokyo,世田谷区,2620976315,2708792374,2835025128,2822665875,2890061409,3072063870,3175645915,3308527199,0.033839
131130,Tokyo,渋谷区,1029439108,1119013391,1163227113,1192700801,1235799382,1356324485,1458946282,1563413857,0.061512
131148,Tokyo,中野区,748424622,773328860,790509699,803422586,832299323,899947251,908058621,948245053,0.034384
131156,Tokyo,杉並区,1443707240,1506956630,1521304572,1523214688,1559165380,1637706127,1695563992,1788393196,0.031059
131164,Tokyo,豊島区,663702757,694560663,725687410,753620498,759019721,787989564,815492468,845581884,0.035204
131172,Tokyo,北区,658834551,673724395,698842227,718409312,742718623,781726681,801020527,842530744,0.035758
131181,Tokyo,荒川区,381267820,398826151,413849510,427985507,437775615,461878084,477166481,505172647,0.041019
131199,Tokyo,板橋区,1030999559,1063855797,1106682838,1108490477,1142569949,1194002760,1227267756,1277887845,0.031144
131202,Tokyo,練馬区,1505429630,1553721978,1570669147,1612733797,1662642546,1724767301,1765218377,1835631977,0.028735
131211,Tokyo,足立区,1092439739,1124479043,1167125382,1187288146,1226408834,1273315246,1318485801,1361784617,0.031984
131229,Tokyo,葛飾区,761907030,783877161,814746927,820479595,828798419,876801561,902051635,935921147,0.029823
131237,Tokyo,江戸川区,1202944874,1256864412,1279556407,1311428383,1336985018,1393308864,1423795910,1477636057,0.029817
132012,Tokyo,八王子市,919519284,937127744,944113554,957767444,967902026,1006074882,1020154201,1054608111,0.019775
132021,Tokyo,立川市,324723124,335901041,342693862,349066670,352930844,380663590,379204843,395168321,0.028445
132039,Tokyo,武蔵野市,402296735,414980302,420176741,431630525,436518714,455964686,474583629,489334364,0.028375
132047,Tokyo,三鷹市,417856280,436213858,440831916,445478282,455823583,481032633,495760285,515635979,0.030493
132055,Tokyo,青梅市,199198731,202497528,204052640,202656594,203031433,210023953,213566324,213525313,0.009971
132063,Tokyo,府中市,490340523,505579221,515169403,516842974,536096909,549479639,566695164,588684736,0.026457
132071,Tokyo,昭島市,179249074,182681094,186564558,190193047,195387053,206262227,207213773,209932092,0.022829
132080,Tokyo,調布市,489842226,499118014,517123258,527862851,540328286,562658484,577574265,595474397,0.028289
132098,Tokyo,町田市,770342741,779732193,794629072,788080956,807154480,839147283,858556475,878390349,0.018928
132101,Tokyo,小金井市,262722252,264998919,274209546,274593991,285053519,299133175,314992580,314347523,0.02596
132110,Tokyo,小平市,340922215,354772737,359180579,370763455,375883980,392030294,400829667,412954527,0.027762
132128,Tokyo,日野市,330227367,338838190,348402854,350004999,361243406,372230869,381920371,390609916,0.02428
132136,Tokyo,東村山市,241514219,246385098,250241787,253801168,258857032,271462272,274727505,280766539,0.021747
132144,Tokyo,国分寺市,262783739,273133823,287936719,291162727,297873306,313040656,322114002,332075962,0.033998
132152,Tokyo,国立市,167831080,169065544,169802192,175604340,175462162,184573782,191162477,200619195,0.025821
132187,Tokyo,福生市,87561270,88157409,91309772,89363854,91899246,94293069,95026140,95438258,0.012382
132195,Tokyo,狛江市,157581345,164177934,173087253,171130072,177667611,183066364,189219815,191404094,0.028167
132209,Tokyo,東大和市,138114149,140454757,141857414,142220194,143217612,149773181,148863910,150605068,0.012445
132217,Tokyo,清瀬市,114294631,117456742,117618694,121821473,124069749,129506651,133796922,138249066,0.027555
132225,Tokyo,東久留米市,192180202,199699440,201254156,201386413,204359409,212552489,217383416,224298427,0.022323
132233,Tokyo,武蔵村山市,98469362,99632736,103079363,103353590,104245678,108135024,110188609,112573010,0.019306
132241,Tokyo,多摩市,263408283,266039281,271112591,273745144,277700615,282343952,295512868,296471290,0.017036
132250,Tokyo,稲城市,170394509,175678622,179538015,183359121,189486354,198317536,202445915,214582395,0.033488
132276,Tokyo,羽村市,90475088,91264339,93867738,92235758,93026489,96682305,96298654,97958109,0.011417
132284,Tokyo,あきる野市,118392285,119587989,120162905,121713853,124021034,129842585,129789789,131546937,0.015165
132292,Tokyo,西東京市,371477354,379638550,390217061,389875254,397894895,424463739,434780821,444451164,0.025953
133035,Tokyo,瑞穂町,46816561,47787615,47499247,47981600,48693399,50707132,51856635,50696889,0.01144
133051,Tokyo,日の出町,22323735,21900550,22076587,21872782,22299472,23581295,23590890,22729249,0.002575
133078,Tokyo,檜原村,2217889,2277123,2208283,2271807,2439938,2478645,2307264,2217197,-4.5e-05
133086,Tokyo,奥多摩町,5642794,5697131,5804131,5698995,5736600,5853100,5727555,5377739,-0.006849
133612,Tokyo,大島町,10330068,10033311,10097412,9946563,10120805,10529032,10121886,10604005,0.003746
133639,Tokyo,新島村,3353784,3443186,3539461,3439659,3530162,3753510,3680905,3644853,0.011961
133647,Tokyo,神津島村,2542148,2619811,2626140,2580437,2690923,2758276,2609272,2622246,0.004442
133817,Tokyo,三宅村,3795635,4081310,3820920,3838787,3931988,4338040,4002729,4026756,0.00848
134015,Tokyo,八丈町,9038896,9248654,9307242,9135278,9497342,10327033,9858464,10142594,0.016594
134210,Tokyo,小笠原村,6707944,6653162,6678406,6961308,7401594,7418343,7600079,7810877,0.021985
141003,Kanagawa,横浜市,7377110221,7520547927,7714548262,7768948349,7965147669,8272120269,8505116909,8750094598,0.024683
141011,Kanagawa,横浜市鶴見区,,,,,,,,,0.024683
141020,Kanagawa,横浜市神奈川区,,,,,,,,,0.024683
141038,Kanagawa,横浜市西区,,,,,,,,,0.024683
141046,Kanagawa,横浜市中区,,,,,,,,,0.024683
141054,Kanagawa,横浜市南区,,,,,,,,,0.024683
141062,Kanagawa,横浜市保土ケ谷区,,,,,,,,,0.024683
141071,Kanagawa,横浜市磯子区,,,,,,,,,0.024683
141089,Kanagawa,横浜市金沢区,,,,,,,,,0.024683
141097,Kanagawa,横浜市港北区,,,,,,,,,0.024683
141101,Kanagawa,横浜市戸塚区,,,,,,,,,0.024683
141119,Kanagawa,横浜市港南区,,,,,,,,,0.024683
141127,Kanagawa,横浜市旭区,,,,,,,,,0.024683
141135,Kanagawa,横浜市緑区,,,,,,,,,0.024683
141143,Kanagawa,横浜市瀬谷区,,,,,,,,,0.024683
141151,Kanagawa,横浜市栄区,,,,,,,,,0.024683
141160,Kanagawa,横浜市泉区,,,,,,,,,0.024683
141178,Kanagawa,横浜市青葉区,,,,,,,,,0.024683
141186,Kanagawa,横浜市都筑区,,,,,,,,,0.024683
141305,Kanagawa,川崎市,3032362810,3156225588,3257865270,3326112981,3415221472,3541494657,3654963600,3787286663,0.032268
141313,Kanagawa,川崎市川崎区,,,,,,,,,0.032268
141321,Kanagawa,川崎市幸区,,,,,,,,,0.032268
141330,Kanagawa,川崎市中原区,,,,,,,,,0.032268
141348,Kanagawa,川崎市高津区,,,,,,,,,0.032268
141356,Kanagawa,川崎市多摩区,,,,,,,,,0.032268
141364,Kanagawa,川崎市宮前区,,,,,,,,,0.032268
141372,Kanagawa,川崎市麻生区,,,,,,,,,0.032268
141500,Kanagawa,相模原市,1158920615,1188278846,1200154317,1214482035,1236324308,1279057104,1309794423,1337113839,0.020642
141518,Kanagawa,相模原市緑区,,,,,,,,,0.020642
141526,Kanagawa,相模原市中央区,,,,,,,,,0.020642
141534,Kanagawa,相模原市南区,,,,,,,,,0.020642
142018,Kanagawa,横須賀市,607762001,624981444,621064223,618745947,629291682,639741858,652434897,639498218,0.007298
142034,Kanagawa,平塚市,401122401,409479677,416060394,419947793,422826941,435122646,447653304,454990548,0.018164
142042,Kanagawa,鎌倉市,382305991,399104989,397623093,405193691,418971122,458815487,458721588,460468326,0.026931
142051,Kanagawa,藤沢市,813655359,843094186,859148857,869918431,894719731,933174133,963198877,988769493,0.028238
142069,Kanagawa,小田原市,296009883,302846020,306857736,307294559,312125511,323226473,326698166,335330899,0.017978
142077,Kanagawa,茅ケ崎市,416199381,430415099,440365512,445033220,449840671,484058186,485978912,502064692,0.027157
142085,Kanagawa,逗子市,119346487,123698748,128023250,123396735,129282283,134984736,134546102,142754284,0.025915
142107,Kanagawa,三浦市,60204103,61513904,60337820,59759489,59141817,60017838,60005591,59864951,-0.000807
142115,Kanagawa,秦野市,242096082,245224480,245185985,246621387,247640508,255360189,258552119,261102379,0.010855
142123,Kanagawa,厚木市,370641820,378010653,387921305,388256482,394756940,411670972,417688602,422693468,0.01895
142131,Kanagawa,大和市,399377506,403343658,412704770,422221488,435647248,455193303,472463633,479836939,0.026567
142140,Kanagawa,伊勢原市,165081572,169427669,175036201,175210022,177065685,182031256,183491647,189164850,0.019645
142158,Kanagawa,海老名市,218961730,226913443,237430849,240753528,251792044,261741384,274127093,277943751,0.034662
142166,Kanagawa,座間市,198950116,204963932,208503854,212833399,217164549,223702936,228340774,230319588,0.021137
142174,Kanagawa,南足柄市,62615593,63968781,62934100,62179388,63330943,63981759,64704883,64158402,0.003483
142182,Kanagawa,綾瀬市,123843044,126421229,127837735,128234826,130335713,133937040,135895902,143146226,0.020909
143014,Kanagawa,葉山町,66431342,67831152,68513106,67486134,70801609,72681159,74321750,78104041,0.023394
143219,Kanagawa,寒川町,71277836,71850458,73723843,74464214,76193990,79753948,80694848,81635491,0.019572
143413,Kanagawa,大磯町,59449285,60076016,60705147,60705356,60369159,62811316,64060313,63875413,0.010312
143421,Kanagawa,二宮町,71226664,46158989,55868250,46452265,46924336,48352405,49214161,49316216,-0.051161
143618,Kanagawa,中井町,13373458,13278351,13466447,13812377,13839102,13641456,13787631,13608200,0.002489
143626,Kanagawa,大井町,24189114,24522111,25253362,25677751,26380766,27145504,27339010,28037246,0.021314
143634,Kanagawa,松田町,16097532,16409124,16453324,16292683,17220994,17071847,17099736,16795104,0.006079
143642,Kanagawa,山北町,14167548,14408809,13868924,13713101,14106935,14055745,13655127,13700772,-0.004775
143669,Kanagawa,開成町,27332460,28344798,29411011,30938307,31629043,32401514,33382213,34833540,0.035251
143821,Kanagawa,箱根町,18362655,18147459,17485774,17061803,16753587,17106221,17248979,18319168,-0.000339
143839,Kanagawa,真鶴町,9209800,9439034,9286404,9169281,9634307,9102274,9241370,10354908,0.016883
143847,Kanagawa,湯河原町,31363543,32337810,32080355,31992380,32418432,33488679,33560383,38727907,0.030589
144011,Kanagawa,愛川町,53672337,55071563,56100924,55549657,55868277,57613155,58343148,57864293,0.010801
144029,Kanagawa,清川村,4190284,4242458,4164476,4076682,4118733,3984618,4065106,3947551,-0.008488
