code,prefecture,city_en,city_jp,pop_2025_m,pop_2025_f,pop_2025_total,under20_2015,under20_2016,under20_2017,under20_2018,under20_2019,under20_2020,under20_2021,under20_2022,under20_2023,under20_2024,under20_2025,under20_cagr_10y,age2039_2015,age2039_2016,age2039_2017,age2039_2018,age2039_2019,age2039_2020,age2039_2021,age2039_2022,age2039_2023,age2039_2024,age2039_2025,age2039_cagr_10y
82015,Ibaraki,Mito,水戸市,131087,136380,267467,49863,49742,49412,49046,48362,47815,47148,46548,45870,45092,44030,-0.01346172801328338,65587,64082,63019,62193,61024,60169,59586,58992,58007,57015,56464,-0.013963837996235684
82023,Ibaraki,Hitachi,日立市,81881,81974,163855,32349,31429,30542,29550,28513,27392,26395,25272,24077,23094,22032,-0.03870175131483722,39088,37693,36528,35525,34821,33696,32815,31934,31195,30420,29258,-0.02775438664695895
82031,Ibaraki,Tuchiura,土浦市,71080,70491,141571,25368,24917,24456,23955,23643,22981,22372,21897,21412,21030,20534,-0.021267070063366256,34200,33131,32427,31795,31342,30846,30503,30479,30762,31006,31561,-0.005379613199930633
82040,Ibaraki,Furukawa,古河市,70892,68920,139812,25342,24951,24715,24532,24086,23693,23195,22638,22272,21788,21146,-0.01821682387381851,34301,33549,32881,32577,31808,31280,30644,30041,29749,29607,29439,-0.014415830251071848
82058,Ibaraki,Ishioka,石岡市,34849,35088,69937,12902,12681,12356,12050,11753,11483,11131,10779,10387,10101,9745,-0.02883720155683034,16583,15933,15474,14998,14580,14256,13835,13467,13236,12941,12643,-0.02537134532344998
82074,Ibaraki,Yuki,結城市,25241,24287,49528,9205,9117,9067,9031,8847,8679,8429,8121,7979,7732,7495,-0.021531990092269915,12212,11876,11639,11496,11145,10902,10545,10115,10036,9929,9942,-0.01955639337372095
82082,Ibaraki,Ryugasaki,龍ケ崎市,37209,37708,74917,14251,14004,13589,13255,12907,12600,12148,11815,11388,11102,10640,-0.030063549280652135,18144,17560,16991,16546,16139,15868,15331,15117,14985,14881,14839,-0.018533299635407396
82104,Ibaraki,Shimodsuma,下妻市,21513,20558,42071,8271,8136,7952,7855,7621,7412,7201,6920,6747,6557,6409,-0.02616227957250017,10387,10104,9958,9789,9450,9178,9052,8903,8902,8980,8940,-0.013507477004557011
82112,Ibaraki,Joso,常総市,30759,29837,60596,11614,11362,11222,10999,10852,10555,10206,9863,9561,9317,8970,-0.025923483884390808,14797,14084,13798,13592,13348,13086,12944,12849,12785,12810,12763,-0.01088356752375319
82121,Ibaraki,Hitachi-Ota,常陸太田市,22870,23520,46390,7998,7733,7381,7112,6885,6615,6399,6115,5860,5652,5409,-0.03893644618174552,9974,9621,9381,9130,8693,8394,8062,7712,7417,7154,6864,-0.03682247519055004
82147,Ibaraki,Takahagi,高萩市,12827,12942,25769,4872,4772,4672,4486,4363,4167,4017,3820,3637,3482,3322,-0.039445230950840404,6227,5987,5783,5595,5336,5139,4948,4756,4513,4314,4169,-0.03941489401761511
82155,Ibaraki,Kitaibaraki,北茨城市,20099,19915,40014,7484,7281,7026,6794,6635,6467,6244,6020,5859,5614,5387,-0.03292140333894844,9026,8894,8660,8381,8176,7994,7836,7501,7279,7072,6797,-0.029435369704578607
82163,Ibaraki,Kasama,笠間市,35884,36683,72567,13264,13046,12802,12661,12372,12106,11789,11525,11210,10878,10566,-0.023154422421273302,16909,16268,15741,15273,14914,14437,14071,13743,13587,13407,13213,-0.022845964042793043
82171,Ibaraki,Toride,取手市,52089,53783,105872,16657,16435,16180,15958,15783,15483,15289,14944,14758,14521,14281,-0.015488054280053176,23123,22335,21652,21172,20403,19961,20085,19019,19064,19131,19260,-0.01632358559302305
82198,Ibaraki,Ushiku,牛久市,41304,42516,83820,15404,15429,15475,15496,15321,15061,14897,14532,14200,13760,13372,-0.015772718904779714,20087,19424,18772,18172,17511,16957,16459,15998,15693,15569,15402,-0.025449671562803977
82201,Ibaraki,Tsukuba,つくば市,131664,127336,259000,45353,46098,47019,47729,48381,49025,49669,50573,51497,52127,52576,0.014717267636771503,63762,63529,63328,63181,63430,64267,65081,66169,68361,68171,68807,0.008907099710377953
82210,Ibaraki,Hitachinaka,ひたちなか市,78040,76607,154647,31261,30922,30484,30045,29431,28720,27891,27189,26560,25949,25327,-0.021933320272346513,37025,36250,35878,35432,35055,34588,34146,33679,33330,33110,32560,-0.011857455245782522
82228,Ibaraki,Kashima,鹿嶋市,33413,31804,65217,12353,12269,12145,11949,11749,11532,11330,11040,10691,10428,10144,-0.020910866700275088,15390,15090,14763,14504,14172,13862,13622,13231,12884,12593,12261,-0.022803618146067683
82236,Ibaraki,Itako,潮来市,12995,13093,26088,4863,4805,4701,4585,4451,4340,4187,4072,3913,3781,3622,-0.03091544343154018,6147,5965,5835,5605,5491,5260,5107,4954,4850,4735,4577,-0.029000647080772657
82244,Ibaraki,Moriya,守谷市,35464,35436,70900,13639,13679,13718,13864,13919,13957,14072,14125,14048,13947,13718,0.000316386591886042,16657,16260,16118,15771,15540,15635,15543,15365,15188,15032,14921,-0.009503276554229001
82252,Ibaraki,Hitachi-Omiya,常陸大宮市,18895,18966,37861,6883,6712,6487,6263,6072,5846,5580,5388,5203,5003,4744,-0.03782349450090494,8621,8345,8071,7804,7506,7220,6939,6733,6501,6321,6090,-0.03439613679861908
82261,Ibaraki,Naka,那珂市,26133,27034,53167,9638,9559,9428,9346,9211,9015,8838,8695,8520,8341,8115,-0.018031988943590815,11654,11362,11146,10916,10638,10449,10243,10024,9782,9591,9423,-0.020576568933372563
82279,Ibaraki,Tikusei,筑西市,49903,49901,99804,18857,18477,18081,17695,17171,16720,16255,15692,15301,14885,14521,-0.026414950275329696,23564,22753,22086,21512,21018,20418,19955,19698,19712,19468,19172,-0.01884746976093299
82287,Ibaraki,Bando,坂東市,27161,24982,52143,9963,9871,9689,9386,9165,8897,8674,8351,8110,7840,7627,-0.02824958959808066,12852,12418,12101,11856,11494,11276,11102,10825,10854,10881,10996,-0.013421940753122974
82295,Ibaraki,Inashiki,稲敷市,18740,18272,37012,6563,6338,6097,5844,5603,5373,5123,4855,4630,4428,4147,-0.04603748215683556,8810,8476,8233,7920,7581,7284,7031,6749,6527,6343,6187,-0.03437187284980603
82309,Ibaraki,Kasumigaura,かすみがうら市,20412,19481,39893,7576,7409,7222,7090,6970,6704,6483,6188,6066,5804,5581,-0.03099047164758706,9787,9416,9094,8872,8720,8538,8262,8102,8111,8119,7977,-0.018258802910574135
82317,Ibaraki,Sakuragawa,桜川市,18854,18781,37635,7420,7202,6967,6763,6530,6290,5953,5697,5412,5182,4964,-0.04050642074727773,9401,9002,8640,8331,7913,7630,7297,6939,6629,6344,6159,-0.041293463568910505
82325,Ibaraki,Kamisu,神栖市,48370,45416,93786,18795,18637,18414,18153,17938,17667,17320,16748,16375,15919,15472,-0.02046729928304425,23869,23478,23137,23205,23084,23039,22966,22653,22300,22086,21909,-0.007655689352874084
82333,Ibaraki,Yukata,行方市,15964,15541,31505,5673,5516,5375,5187,5041,4889,4739,4510,4319,4176,4014,-0.03470188806154406,7845,7574,7302,7139,6901,6586,6273,5935,5844,5710,5547,-0.034015143056153385
82341,Ibaraki,Hokota,鉾田市,24246,22291,46537,7953,7847,7628,7478,7215,6993,6722,6507,6392,6213,6027,-0.028894546093724993,11275,11007,10824,10765,10546,10517,10288,9775,9906,10121,10115,-0.00934626773502445
82350,Ibaraki,Tsukubamiai,つくばみらい市,26911,26592,53503,8997,9440,9677,9862,9896,9973,10070,10099,10284,10355,10340,0.01016957205081992,12587,12721,12555,12464,12088,11726,11407,11287,11213,11234,10958,-0.016439416466206946
82368,Ibaraki,Komitama,小美玉市,24546,23936,48482,9510,9307,9119,8938,8714,8467,8187,7914,7762,7499,7258,-0.027250971923263645,12554,12189,11945,11616,11308,11073,10751,10356,10335,10272,10269,-0.018864708886778936
83020,Ibaraki,Ibaraki-cho,東茨城郡茨城町,15317,15206,30523,5504,5443,5347,5267,5129,4969,4837,4656,4530,4339,4253,-0.027039458892202717,7086,6935,6705,6506,6390,6319,6094,5837,5653,5653,5553,-0.024391243164147425
83097,Ibaraki,Oarai-cho,東茨城郡大洗町,7658,7803,15461,2770,2715,2679,2594,2486,2427,2375,2264,2179,2074,1971,-0.034957788521477906,3711,3511,3414,3331,3232,3149,3039,2877,2878,2892,2900,-0.02101930048247158
83101,Ibaraki,Shirosato,東茨城郡城里町,8833,8875,17708,3180,3022,2879,2744,2635,2522,2415,2300,2235,2130,2067,-0.04132416671772621,3980,3819,3669,3517,3357,3227,3048,2952,2890,2797,2644,-0.0400317579356686
83411,Ibaraki,Tokai,那珂郡東海村,19373,18778,38151,8104,8016,7978,7974,7838,7698,7530,7379,7249,7114,6946,-0.015793245638402564,8789,8565,8300,8127,7997,7915,7910,7938,8046,8051,8000,-0.007553835302855028
83640,Ibaraki,Daigo,久慈郡大子町,7224,7292,14516,2331,2239,2122,2078,1953,1842,1750,1639,1574,1463,1365,-0.053501696755886785,2899,2771,2634,2491,2360,2200,2084,1992,1924,1821,1712,-0.05209890258952232
84425,Ibaraki,Miho,稲敷郡美浦村,7306,6850,14156,2748,2642,2525,2442,2346,2216,2153,2068,1955,1879,1772,-0.04341039757898457,3772,3593,3347,3222,3113,3040,2911,2788,2773,2709,2631,-0.034032253465945295
84433,Ibaraki,Ami,稲敷郡阿見町,24758,24885,49643,8531,8491,8454,8420,8364,8336,8336,8285,8321,8362,8349,-0.0018721351209111114,11094,10754,10527,10263,10131,10091,10159,10272,10696,10793,10797,0.0004434915774917947
84476,Ibaraki,Kawachi,稲敷郡河内町,3856,3935,7791,1320,1240,1171,1127,1069,996,937,873,847,813,760,-0.052941342387547,1776,1694,1592,1541,1518,1444,1407,1334,1268,1219,1209,-0.036784073329461986
85219,Ibaraki,Yachiyo,結城郡八千代町,11145,9937,21082,4125,3993,3867,3809,3715,3612,3453,3339,3244,3138,2975,-0.03217100508172088,5537,5412,5336,5312,5059,4977,4799,4524,4637,4688,4877,-0.011498759567633576
85421,Ibaraki,Goka,猿島郡五霞町,4095,3838,7933,1353,1317,1295,1244,1199,1144,1089,1033,988,962,926,-0.038381518969448414,2004,1853,1750,1676,1607,1544,1478,1455,1406,1398,1374,-0.03268499699190264
85464,Ibaraki,Sakai,猿島郡境町,12745,12024,24769,4632,4530,4464,4456,4397,4282,4256,4172,4070,3984,4008,-0.013511179616394031,5739,5551,5476,5433,5436,5355,5376,5311,5254,5209,5303,-0.005065503905457902
85642,Ibaraki,Tone,北相馬郡利根町,7639,7859,15498,2272,2212,2125,2077,2015,1946,1880,1789,1708,1713,1632,-0.03322343449067022,3085,2939,2819,2636,2457,2313,2210,2071,2100,2202,2467,-0.019263872595083886
111007,Saitama,Saitama,さいたま市,668943,681557,1350500,232750,233449,233799,233805,233563,233449,232887,232063,231811,231104,229595,-0.0018479294309672323,317244,314429,313748,313931,314542,317490,319925,320965,322489,322868,324363,0.003462086283092747
111015,Saitama,Nishi,さいたま市西区,47186,48411,95597,15591,15561,15682,15731,15871,16287,16540,16670,16802,16846,16761,0.008288267417138062,20276,20244,20115,20021,20391,21365,21954,22102,22022,22172,22288,0.010745092016213542
111023,Saitama,Kita,さいたま市北区,74762,76360,151122,28312,28040,27835,27448,27122,26875,26560,26115,25736,25506,25154,-0.011995817615126136,37818,36851,36474,36113,35865,36108,36358,36381,36279,36309,36826,-7.540136430495004e-05
111031,Saitama,Omiya,さいたま市大宮区,62896,63521,126417,18929,19176,19272,19458,19401,19415,19374,19656,20103,20242,20436,0.007096008679127186,31128,30999,30781,30896,30404,30760,31398,32256,33590,33438,34001,0.010323477622397936
111040,Saitama,Minuma,さいたま市見沼区,81718,83747,165465,29435,29381,29258,28910,28638,28337,28069,27898,27581,27351,27088,-0.008987962543456685,37441,36739,36252,35893,35754,35654,35560,35798,35835,35725,35906,-0.0025450279861549685
111058,Saitama,Chuo,さいたま市中央区,50739,52372,103111,17954,18025,17898,17827,17797,17731,17480,17244,17151,16929,16657,-0.00873156041738321,26054,25873,25769,25764,25925,26394,26566,26564,26750,26696,26618,0.003159171335845423
111066,Saitama,Sakura,さいたま市桜区,48832,47788,96620,17424,17235,17119,16720,16402,15927,15550,15306,15210,15017,14843,-0.016464490195168602,24955,24421,24163,23779,23654,23490,23366,23313,23524,23691,23985,-0.001999640597402319
111074,Saitama,Urawa,さいたま市浦和区,82120,87695,169815,28279,28975,29464,29820,30064,30325,30620,30744,30849,30928,30670,0.006336836541300572,38733,39301,39800,39858,40272,40953,41207,41505,41541,41670,41469,0.005984077516623776
111082,Saitama,Minami,さいたま市南区,97744,97763,195507,33697,33885,34148,34573,34777,34984,34724,34296,34430,34268,34251,0.001194415276909,48357,48204,48742,49640,50098,50653,50477,50062,50132,49987,49982,0.004032657753094249
111091,Saitama,Midori,さいたま市緑区,66428,68283,134711,24312,24466,24508,24908,25204,25557,25961,26341,26431,26627,26724,0.00985688884859015,28899,28815,28887,29414,29716,29927,30359,30481,30381,30502,30602,0.00670787339030654
111104,Saitama,Iwatsuki,さいたま市岩槻区,56518,55617,112135,18817,18705,18615,18410,18287,18011,18009,17793,17518,17390,17011,-0.010492419160459066,23583,22982,22765,22553,22463,22186,22680,22503,22435,22678,22686,-0.0014393305796810418
112011,Saitama,Kawagoe,川越市,175530,177275,352805,61804,61546,61339,61021,60580,59829,59075,58222,57575,56871,56028,-0.010382756156887218,85593,83953,82954,81652,80685,79683,78762,78216,77801,77111,77315,-0.009110372605324324
112020,Saitama,Kumagaya,熊谷市,95599,95328,190927,34391,33888,33403,32843,32192,31658,30879,30132,29472,28732,28104,-0.02057962794494661,45783,44493,43330,42487,41445,40523,39792,38910,38812,38531,38225,-0.016729822692430618
112038,Saitama,Kawaguchi,川口市,307870,299577,607447,104621,104840,104714,104458,104057,103267,101351,99081,97482,96611,95559,-0.010246204160578087,154117,152578,150960,151330,151565,152395,152150,150802,150456,151480,152412,-0.00012094383994365465
112062,Saitama,Gyoda,行田市,38565,39289,77854,13872,13593,13245,12896,12627,12342,11984,11594,11298,11114,10737,-0.02586616925009022,18551,17869,17255,16682,16212,15962,15569,15087,14851,14763,14762,-0.020999818176189677
112071,Saitama,Chichibu,秩父市,28023,29189,57212,11238,11010,10662,10375,10081,9784,9500,9230,8891,8560,8238,-0.031713604889403224,12772,12385,12022,11699,11379,11013,10722,10357,10075,9800,9489,-0.029161122325556788
112089,Saitama,Tokorozawa,所沢市,168833,173687,342520,58535,58269,57925,57370,56654,55797,54873,53954,53450,52592,51534,-0.013554897617341743,83377,81452,79778,78492,77483,76627,76231,75545,75500,75032,74657,-0.009632155092145878
112097,Saitama,Hanno,飯能市,38937,39026,77963,12900,12730,12450,12293,12173,12021,11850,11640,11568,11478,11318,-0.012978053033579018,17278,16880,16683,16405,16001,15754,15355,14938,14686,14751,14398,-0.01751591243810735
112101,Saitama,Kazo,加須市,56422,55596,112018,19469,19045,18744,18402,18122,17911,17656,17313,17116,16901,16568,-0.015362056166988047,26093,25369,24698,24391,23897,23359,23053,22702,22574,22482,22550,-0.013002822192392682
112119,Saitama,Honjo,本庄市,38444,38339,76783,13909,13674,13456,13267,13020,12874,12556,12397,12146,11944,11677,-0.017388720906750477,18031,17467,17292,16936,16510,16327,16071,15778,15785,15697,15394,-0.013939221516145683
112127,Saitama,Higashimatsuyama,東松山市,45787,45469,91256,15018,15060,15057,14953,14813,14763,14636,14506,14290,14350,14216,-0.006387747875217342,20978,20545,20291,19975,19675,19388,19203,18932,19053,19114,19173,-0.007649984663152698
112143,Saitama,Kasukabe,春日部市,113548,116108,229656,39331,38576,37844,37055,36338,35708,34875,34206,33530,32827,32043,-0.020405767163167554,52954,51286,50009,48927,47614,46890,46320,45809,45355,45166,45233,-0.013857631270953852
112151,Saitama,Sayama,狭山市,73833,74388,148221,24864,24442,23909,23510,23035,22624,22037,21657,21350,20988,20626,-0.018684413146310086,35072,34010,33039,32305,31530,30622,30036,29889,29768,29519,29457,-0.01584239308766866
112160,Saitama,Hanyu,羽生市,27020,26676,53696,9538,9347,9169,9048,8894,8614,8398,8149,8035,7878,7728,-0.020912170103771777,12481,12281,11956,11796,11665,11450,11302,11234,11207,11249,11287,-0.009334134159476148
112178,Saitama,Konosu,鴻巣市,58147,59417,117564,20123,19811,19515,19414,19142,18883,18507,18183,18025,17766,17523,-0.013543345155185404,27337,26771,26203,25656,24963,24515,24147,23793,23715,23641,23649,-0.013683121209144833
112186,Saitama,Fukaya,深谷市,70407,70402,140809,26339,25984,25696,25336,24867,24424,23923,23467,22970,22516,21993,-0.018357929118596905,33148,32042,31329,30773,29916,29279,28924,28592,28125,28050,27861,-0.015415466395442334
112194,Saitama,Ageo,上尾市,113622,116444,230066,40939,40580,39983,39506,38963,38375,37833,37459,36969,36598,36102,-0.012907866158329395,52533,51260,50500,49828,49268,48928,49210,49568,49414,49300,49433,-0.00402438078485623
112216,Saitama,Soka,草加市,126882,125110,251992,44583,44143,43829,43252,42612,41917,41079,40387,39559,38834,38109,-0.01619890664622703,59167,57724,57093,56616,56450,56945,57079,57528,57925,58408,59563,0.00349069437140348
112224,Saitama,Koshigaya,越谷市,169346,172981,342327,61374,61465,61424,61187,60705,60234,59523,58789,57820,56736,55698,-0.010887372996968292,80973,80219,79755,79052,79091,78826,78517,77377,76287,75661,75292,-0.007018201815596425
112232,Saitama,Warabi,蕨市,38731,37611,76342,10831,11012,11035,11114,11069,11073,10838,10602,10561,10587,10637,-0.0038422770476840284,20388,20727,20932,21196,21587,21629,21850,21691,21441,21531,21968,0.006481990070609012
112241,Saitama,Toda,戸田市,72182,69888,142070,27106,27608,27839,27645,27580,27423,26998,26568,26206,25876,25565,-0.008505990631860638,40084,40209,40493,40755,40387,40158,40068,39924,40074,39997,39686,-0.001453650258932293
112259,Saitama,Iruma,入間市,70784,72628,143412,26510,26112,25617,25150,24677,24231,23640,23063,22511,21837,21202,-0.022878607751202318,33799,32740,31934,31163,30440,29621,29174,28478,28327,27891,27384,-0.019653051795253118
112275,Saitama,Asaka,朝霞市,73516,72422,145938,25655,25776,25696,25734,25709,25846,25770,25551,25382,25355,25242,-0.0023233582153104892,36992,37076,36850,37040,37299,37675,37899,37476,37416,37505,37811,0.0021835143551292013
112283,Saitama,Shiki,志木市,37566,38587,76153,13226,13322,13593,13717,13558,13501,13324,13187,13025,12840,12680,-0.00547284191036157,18734,18569,18669,18537,18366,18034,17770,17529,17366,17123,17049,-0.009444228552322853
112291,Saitama,Wako,和光市,43531,41359,84890,14921,14960,15080,14995,15065,15094,14943,14641,14473,14284,13941,-0.007807785623800467,25175,24961,24836,24726,25169,25512,25369,24813,24755,25067,25261,0.00132833674980537
112305,Saitama,Niiza,新座市,82862,83550,166412,29755,29815,29759,29652,29379,29131,28891,28554,28024,27806,27445,-0.009160850326415115,39204,38498,37850,37417,36452,35981,35905,35426,35211,35300,35739,-0.00822859847823676
112313,Saitama,Okegawa,桶川市,36612,37560,74172,12946,12768,12640,12516,12412,12269,11993,11784,11590,11421,11205,-0.014404353892469413,16571,16123,15940,15629,15538,15427,15289,14966,14945,14829,14792,-0.009527691165037266
112321,Saitama,Kuki,久喜市,75152,75824,150976,25275,25005,24642,24377,24069,23719,23365,22950,22579,22298,22049,-0.013881479628408244,35106,34110,33326,32520,31775,31019,30576,29969,29537,29591,29745,-0.015099239824598154
112330,Saitama,Kitamoto,北本市,32148,33126,65274,11164,10899,10645,10432,10171,9848,9629,9415,9216,8972,8789,-0.023624261953474113,14965,14310,13641,13214,12904,12547,12416,12386,12506,12470,12507,-0.01485195056662525
112348,Saitama,Yashio,八潮市,48575,45080,93655,15583,15447,15338,15351,15525,15559,15455,15130,14923,14848,14688,-0.005582578708871133,22381,22058,22119,22974,23777,24410,24352,23978,23997,24422,24826,0.013221771751830369
112356,Saitama,Fujimi,富士見市,55706,57698,113404,19690,19767,19611,19575,19409,19146,18891,18714,18589,18442,18282,-0.008639894323769326,27381,27207,27003,26884,26691,26856,27197,27250,27488,27688,27863,0.0026507682770933183
112372,Saitama,Misato,三郷市,71596,70556,142152,23637,23725,23921,23991,24238,24263,24087,23948,23653,23413,23190,-0.002531035207448795,33975,33426,33311,32881,33179,32786,32494,32102,31168,30613,30764,-0.009178602096503896
112381,Saitama,Hasuda,蓮田市,30270,30841,61111,10157,10039,9954,9893,9759,9531,9372,9228,9123,8995,8858,-0.013810032394944938,13898,13414,13008,12699,12391,12123,12108,12139,11958,12103,12059,-0.011762240751928554
112399,Saitama,Sakado,坂戸市,49680,49952,99632,17929,17853,17778,17485,17359,17137,16655,16172,15875,15454,15134,-0.018191139415177138,23518,22906,22383,21878,21190,20748,20382,19848,19740,19878,20175,-0.014007050028611245
112402,Saitama,Satte,幸手市,24569,24232,48801,8121,7992,7835,7666,7411,7211,6983,6840,6707,6554,6394,-0.02448210704558429,11375,10881,10471,10056,9593,9250,8936,8645,8454,8380,8331,-0.029234668354214288
112411,Saitama,Tsurugashima,鶴ヶ島市,34552,35284,69836,12585,12411,12238,12078,11870,11614,11397,11127,10848,10573,10238,-0.02115925512174488,16705,16116,15634,15146,14979,14634,14556,14529,14720,14766,14757,-0.009740585816489733
112429,Saitama,Hidaka,日高市,26910,27282,54192,10019,9903,9739,9608,9404,9243,8983,8790,8523,8270,7978,-0.023730560239368814,12281,11648,11049,10553,10238,9878,9626,9325,9278,9291,9362,-0.0239827913909737
112437,Saitama,Yoshikawa,吉川市,36077,36319,72396,14410,14643,14588,14636,14572,14457,14270,13974,13731,13334,12985,-0.013263209260372277,17462,17427,17169,17153,17015,16829,16666,16550,16212,16045,15927,-0.009950710273040286
112453,Saitama,Fujimino,ふじみ野市,56618,57941,114559,20896,21025,21059,20922,20677,20340,19990,19632,19324,19096,18762,-0.012573469274039129,26661,26324,25961,25607,25257,24982,24885,24633,24442,24387,24574,-0.007614428582642718
112461,Saitama,Shiraoka,白岡市,26008,26396,52404,9122,9096,9009,9020,8966,8910,8879,8781,8651,8552,8404,-0.008753350327676879,11929,11858,11691,11658,11468,11341,11220,11231,11242,11198,11069,-0.0076212914270450405
113018,Saitama,Ina,北足立郡伊奈町,22698,22344,45042,9695,9713,9621,9492,9389,9198,8975,8805,8631,8352,8069,-0.02039314826361638,10509,10210,9919,9696,9434,9296,9222,9185,9286,9326,9459,-0.008453066098434214
113247,Saitama,Miyoshi,入間郡三芳町,18515,18862,37377,7155,7042,6963,6923,6844,6708,6609,6524,6320,6143,5981,-0.017981309854919414,8057,7763,7587,7504,7312,7168,7103,6938,6959,6901,6905,-0.012929362776260223
113263,Saitama,Moroyama,入間郡毛呂山町,15964,16079,32043,5418,5283,5164,4950,4811,4670,4451,4294,4119,3917,3737,-0.03773739297918499,7735,7373,7023,6723,6468,6278,6130,6069,5957,5929,5935,-0.023818167041386396
113271,Saitama,Ogose,入間郡越生町,5334,5423,10757,1801,1745,1672,1599,1530,1500,1430,1367,1301,1240,1195,-0.04119503366667432,2460,2285,2150,2100,2022,1967,1888,1846,1807,1725,1703,-0.03213614471409376
113417,Saitama,Namegawa,比企郡滑川町,10099,9658,19757,3627,3749,3797,3918,4057,4111,4136,4127,4085,4027,3957,0.006017703470091673,4448,4341,4328,4351,4356,4371,4398,4396,4381,4331,4268,-0.0018826037718178146
113425,Saitama,Arashiyama,比企郡嵐山町,8597,8731,17328,2806,2766,2737,2628,2584,2506,2412,2343,2287,2253,2123,-0.02896900888647891,3879,3754,3646,3572,3599,3523,3441,3360,3311,3284,3272,-0.015152967281819696
113433,Saitama,Ogawamachi,比企郡小川町,13697,13751,27448,4361,4161,3980,3813,3663,3507,3393,3251,3159,3001,2883,-0.03994944513954335,6286,5947,5702,5459,5237,4994,4704,4515,4355,4227,4083,-0.04092296166109921
113468,Saitama,Kawashima,比企郡川島町,9581,9090,18671,3290,3199,3121,3028,2941,2841,2722,2597,2483,2352,2242,-0.038726834969063484,4542,4330,4111,3971,3807,3606,3469,3299,3291,3163,3105,-0.03627608939674232
113476,Saitama,Yosimi,比企郡吉見町,8896,8724,17620,3088,2888,2748,2609,2514,2397,2288,2219,2144,2059,2003,-0.03984214314711243,4210,4009,3884,3776,3624,3492,3395,3234,3108,2967,2846,-0.03735416149824411
113484,Saitama,Hatoyama,比企郡鳩山町,6260,6522,12782,1740,1726,1670,1646,1587,1526,1474,1422,1370,1310,1250,-0.03521639762976192,2558,2425,2246,2157,2032,1938,1831,1795,1720,1674,1638,-0.04265845501111021
113492,Saitama,Tokigawa,比企郡ときがわ町,5177,5043,10220,1611,1549,1498,1471,1398,1333,1265,1246,1218,1170,1140,-0.033490923021570085,2273,2159,2065,1961,1855,1829,1745,1653,1596,1524,1464,-0.042245347173341385
113611,Saitama,Yokoze,秩父郡横瀬町,3772,3829,7601,1512,1443,1419,1385,1349,1307,1253,1203,1142,1117,1080,-0.031683144695411,1655,1638,1551,1495,1460,1426,1435,1393,1365,1330,1246,-0.02993583751936857
113620,Saitama,Minano,秩父郡皆野町,4419,4459,8878,1653,1607,1573,1512,1463,1417,1371,1324,1284,1213,1153,-0.03621698120166261,1869,1774,1688,1621,1595,1543,1508,1440,1414,1355,1308,-0.03329291140439061
113638,Saitama,Nagatoro,秩父郡長瀞町,3147,3220,6367,1182,1142,1100,1078,1037,998,951,921,863,812,751,-0.04550233492737066,1308,1229,1154,1117,1067,1035,968,928,917,871,882,-0.03619151644257956
113654,Saitama,Ogano,秩父郡小鹿野町,5005,5056,10061,2035,1930,1873,1799,1704,1631,1546,1453,1363,1270,1189,-0.052400223731554285,2285,2165,2053,1951,1864,1782,1685,1586,1491,1411,1328,-0.05285695413178848
113697,Saitama,Higashichichibu,秩父郡東秩父村,1209,1197,2406,403,376,357,330,307,280,267,247,228,210,191,-0.07249519294449447,528,502,483,453,435,409,384,377,346,327,306,-0.053516431386003926
113816,Saitama,Misato,児玉郡美里町,5404,5281,10685,1904,1856,1814,1802,1751,1738,1695,1672,1628,1575,1544,-0.020242010175827496,2499,2420,2298,2199,2134,2120,2069,1996,1955,1935,1904,-0.026293760166645308
113832,Saitama,Kamikawa,児玉郡神川町,6536,6223,12759,2451,2356,2298,2250,2157,2075,1971,1880,1803,1731,1661,-0.03809384176247066,3051,2959,2860,2778,2702,2615,2586,2514,2561,2459,2422,-0.022005134243250568
113859,Saitama,Kamisato,児玉郡上里町,15233,15297,30530,6103,5985,5842,5740,5602,5457,5348,5165,4975,4853,4746,-0.02544340596762562,7405,7119,6833,6645,6501,6307,6126,6081,6047,6063,6078,-0.017412352121326857
114081,Saitama,Yorii,大里郡寄居町,15757,15918,31675,5568,5394,5291,5145,5009,4824,4655,4456,4313,4244,4130,-0.029231989660409186,7300,7129,6869,6668,6543,6449,6239,6159,6006,5973,5837,-0.021972129361709558
114421,Saitama,Miyashiro,南埼玉郡宮代町,16717,16754,33471,5042,5124,5173,5215,5188,5157,5112,5037,4938,4939,4878,-0.00545176094437827,7448,7356,7226,7220,7153,7013,6798,6712,6665,6519,6601,-0.011960690312665667
114642,Saitama,Sugito,北葛飾郡杉戸町,21750,21812,43562,7792,7640,7533,7359,7219,6966,6723,6522,6416,6275,6100,-0.02470188178119581,9754,9392,9085,8656,8410,8150,7967,7801,7766,7747,7618,-0.022992048552744504
114651,Saitama,Matsubushi,北葛飾郡松伏町,14090,13767,27857,5826,5630,5501,5305,5072,4837,4613,4437,4297,4154,3979,-0.037830187295863626,6406,6194,6004,5864,5669,5491,5358,5255,5261,5194,5192,-0.019415935085129954
121002,Chiba,Chiba,千葉市,488345,495551,983896,172221,171288,169494,167630,165579,163287,160397,157948,155412,153166,150782,-0.014068025722731137,227730,222486,218180,216033,214563,214563,215334,215242,215531,217117,221908,-0.00028899120220327035
121011,Chiba,Chuo,千葉市中央区,109244,107719,216963,33919,34072,33936,34032,34040,33717,33160,32644,32297,32170,31936,-0.007167747448815431,54610,53902,53761,54389,54616,55155,56008,56172,56836,57826,60090,0.012148293329724336
121029,Chiba,Hanamigawa,千葉市花見川区,87818,89146,176964,30002,29609,29202,28608,27996,27549,26963,26433,26019,25679,25100,-0.018189266337293675,41500,40275,39480,38680,38864,39125,39187,39005,39133,39891,40464,0.0005203309768411213
121037,Chiba,Inage,千葉市稲毛区,78888,79538,158426,27599,27858,27743,27534,27280,26781,26477,25946,25508,25085,24494,-0.014197363120471929,38191,37780,36687,35899,35276,34688,34570,34236,34396,34362,34993,-0.008478499792921146
121045,Chiba,Wakaba,千葉市若葉区,73971,72790,146761,24988,24698,24312,23892,23479,23095,22497,22073,21628,21181,20722,-0.019313973961354036,32502,31758,31170,30720,30392,30187,30027,29608,29350,29393,29682,-0.007483398958033072
121053,Chiba,Midori,千葉市緑区,63481,65921,129402,27232,26907,26599,26333,26029,25787,25394,25000,24487,24066,23427,-0.015270786570225514,29433,28909,28636,28410,28106,28074,28070,27911,27577,27310,27031,-0.007435398498886969
121061,Chiba,Mihama,千葉市美浜区,74943,80437,155380,28481,28144,27702,27231,26755,26358,25906,25852,25473,24985,25103,-0.01262483265191483,31494,29862,28446,27935,27309,27334,27472,28310,28239,28335,29648,-0.0007988029604081293
122025,Chiba,Choshi,銚子市,26413,27573,53986,9164,8754,8357,8017,7573,7236,6829,6437,6078,5767,5442,-0.05144758780850389,12629,12146,11722,11207,10773,10305,10033,9535,9325,8938,8725,-0.036089066276449255
122033,Chiba,Ichikawa,市川市,249810,244910,494720,79394,79633,79772,79811,79507,78916,78276,77153,76407,75679,74584,-0.007251642676882497,135517,134886,134959,135215,135123,135311,134930,133358,133387,133991,135423,0.000441568113958013
122041,Chiba,Funabashi,船橋市,322801,326592,649393,112216,112499,112744,112543,112394,111987,110754,109485,108453,107209,105687,-0.006916242717418197,160223,157762,155947,155165,154462,153627,153649,152986,153069,153694,154700,-0.0021753871504220923
122050,Chiba,Tateyama,館山市,21082,22472,43554,7437,7289,7094,6903,6721,6456,6282,6037,5862,5694,5431,-0.03216501466022603,8564,8305,8050,7753,7454,7165,7013,6939,6798,6684,6484,-0.027127494434094457
122068,Chiba,Kisarazu,木更津市,69044,67799,136843,24359,24495,24395,24346,24123,23951,23673,23552,23350,23108,23008,-0.006934404569703512,30584,30359,30181,29768,29487,29356,29493,29134,29111,29221,29296,-0.003952393758413164
122076,Chiba,Matsudo,松戸市,248140,252255,500395,83113,82826,82230,81569,80950,80398,78762,77242,76121,75271,74569,-0.011600758509509701,119938,118909,118275,118196,118014,118038,117715,116501,116679,117664,119802,0.0008316662361076421
122084,Chiba,Noda,野田市,77174,76364,153538,27238,26854,26457,26047,25677,25275,24916,24547,24137,23875,23413,-0.015120449565900196,34791,33594,32814,32032,31552,31042,30601,30205,30253,30465,30501,-0.01067461860659591
122106,Chiba,Mobara,茂原市,42487,43374,85861,14576,14250,13931,13677,13339,13030,12648,12345,12042,11693,11356,-0.024907955248780533,19086,18467,18012,17652,17097,16632,16296,16012,15850,15454,15153,-0.021736593783747482
122114,Chiba,Narita,成田市,66452,66647,133099,24871,24917,24828,24630,24440,23959,23333,22749,22423,22112,21626,-0.01561611807588581,36997,36358,36108,36017,35853,34893,34142,32717,32883,33947,35035,-0.004110052793194208
122122,Chiba,Sakura,佐倉市,83129,86377,169506,29273,29036,28699,28374,28033,27449,26740,26150,25622,25104,24355,-0.019343714590037586,38546,37085,36138,35175,34169,33314,32306,31233,30772,30369,30227,-0.022463519712726088
122131,Chiba,Togane,東金市,28362,28162,56524,10178,9978,9790,9570,9338,9070,8751,8491,8302,8071,7872,-0.02599726539727576,13956,13808,13539,13255,12786,12385,11944,11623,11613,11417,11246,-0.02254591322272048
122157,Chiba,Asahi,旭市,30710,31276,61986,11641,11402,11243,10964,10683,10453,10195,9884,9617,9400,9079,-0.02499614899818725,14839,14547,14396,14010,13715,13483,13213,12894,12790,12552,12276,-0.018683115836641173
122165,Chiba,Narashino,習志野市,86985,88120,175105,30647,31031,31624,31643,31336,31163,30721,30427,29903,29475,29048,-0.0073105989161716955,42895,42816,43242,42708,42290,41971,42306,41870,41353,41357,41546,-0.0033400337904723187
122173,Chiba,Kashiwa,柏市,216041,221593,437634,72352,72504,73034,73371,73643,74054,74245,74237,74040,73783,73468,0.0014686556993166455,101378,99778,98656,97883,97347,98052,98452,98279,98639,98455,98933,-0.0009445386187297844
122181,Chiba,Katsuura,勝浦市,7592,7621,15213,2530,2415,2188,2150,2081,1974,1849,1668,1640,1552,1478,-0.05309509427139947,3651,3450,3272,2985,2781,2651,2595,2455,2294,2127,1951,-0.061372810325435956
122190,Chiba,Ichihara,市原市,137547,129314,266861,47719,47096,46534,45806,45060,44274,43235,42161,41096,40120,38963,-0.020843659253112934,65091,63403,62099,60606,59547,58242,57258,56051,55465,54754,54324,-0.017025080507714452
122203,Chiba,Nagareyama,流山市,104506,108056,212562,31777,32801,34104,35582,37021,38428,39777,41137,42553,43171,43553,0.03200362129423073,44158,44616,45331,46422,47411,48293,49400,50159,50600,50475,50314,0.013444106692236835
122211,Chiba,Yachiyo,八千代市,101990,104702,206692,37347,37286,37050,36952,36414,36078,36060,35630,35311,34899,34420,-0.008847311301173666,44831,44335,43747,43793,43831,43749,44730,45028,45656,46249,47004,0.006516504136343748
122220,Chiba,Abiko,我孫子市,64174,67143,131317,22869,22623,22364,21956,21585,21191,20701,20304,19714,19433,18965,-0.0194061085592383,28196,27161,26356,25937,25587,25352,24925,24854,25026,25545,25918,-0.005191412559156672
122238,Chiba,Kamogawa,鴨川市,14517,15692,30209,5096,4951,4792,4715,4600,4515,4375,4186,3978,3846,3727,-0.031061362895425937,6631,6508,6289,6117,5954,5828,5802,5703,5583,5520,5318,-0.022187368589111967
122246,Chiba,Kamagaya,鎌ケ谷市,54001,55756,109757,19148,18972,18791,18643,18330,18077,17715,17421,17123,16801,16578,-0.014875767529315742,25559,24809,24061,23810,23446,23210,23094,22985,22749,22920,23095,-0.007922929783417798
122254,Chiba,Kimitsu,君津市,40494,39026,79520,14522,14207,13848,13507,13167,12801,12411,11924,11595,11340,11056,-0.027477816207117423,19826,19262,18702,18186,17751,17257,16874,16481,16094,15772,15475,-0.024029734086161825
122262,Chiba,Futtsu,富津市,20653,19774,40427,6567,6428,6226,6053,5873,5613,5460,5262,5028,4866,4659,-0.03513058957239035,8863,8547,8286,8078,7845,7583,7373,7077,6734,6517,6407,-0.03151377803170763
122271,Chiba,Urayasu,浦安市,82954,88368,171322,32992,32856,32886,32707,32299,31688,30824,29811,29221,28575,27807,-0.018367728695885654,46945,46660,47467,47593,48162,48376,47983,47050,47397,48138,48893,0.005207620580846228
122289,Chiba,Yotsukaido,四街道市,48312,48112,96424,16575,16597,16705,16860,17036,17175,17150,17237,17255,17261,17124,0.0034792644316585797,20130,19634,19568,19490,19433,19418,19595,19564,19608,19489,19503,-0.0007435520258521899
122297,Chiba,Sodegaura,袖ケ浦市,33529,32562,66091,11507,11486,11416,11457,11672,11765,11819,11809,11904,11907,11865,0.00361362316565339,14497,14202,14017,14003,14152,14308,14405,14471,14427,14481,14319,0.0009120297499822794
122301,Chiba,Yachimata,八街市,34288,32343,66631,12299,11796,11261,10831,10340,9892,9484,9048,8708,8514,8243,-0.039039326039799094,15844,15303,14976,14604,14146,13861,13659,13040,13049,12951,12997,-0.017984134064488178
122319,Chiba,Inzai,印西市,55381,56350,111731,18841,19181,19728,20344,20957,21683,22233,22741,23597,24009,23855,0.02452634535135756,22671,22380,22728,22836,22911,22983,23315,23356,23390,22946,22497,0.0005795305411486762
122327,Chiba,Shiroi,白井市,31050,31168,62218,12700,12765,12704,12720,12607,12368,12183,11832,11621,11327,10851,-0.017888053629081524,14229,13822,13326,13017,12664,12007,11554,11238,11187,11077,10993,-0.025123768091842247
122335,Chiba,Tomisato,富里市,25595,24404,49999,8331,8287,8098,7955,7833,7757,7613,7318,7163,7062,6966,-0.019109154720552746,12367,12045,12049,12010,11846,11682,11478,10998,11024,11235,11513,-0.005006625347229954
122343,Chiba,Minamiboso,南房総市,16357,17709,34066,5278,5146,5009,4836,4689,4508,4364,4163,3991,3820,3642,-0.03768134114031718,5830,5509,5265,4974,4812,4613,4408,4176,4072,3864,3736,-0.042234158632015295
122351,Chiba,Sosa,匝瑳市,16613,16681,33294,6068,5899,5764,5614,5421,5256,5069,4851,4665,4488,4320,-0.03402194296009198,7687,7352,7022,6818,6602,6359,6164,5892,5691,5549,5395,-0.033804288263792226
122360,Chiba,Katori,香取市,34699,34876,69575,12092,11715,11361,10971,10611,10215,9872,9496,9107,8752,8402,-0.03625964947406546,15542,15048,14655,14183,13810,13258,12774,12274,11905,11762,11439,-0.03000901611810103
122378,Chiba,Sanmu,山武市,24311,23434,47745,8271,7999,7674,7311,7032,6778,6441,6226,6057,5868,5585,-0.039128580803976964,10723,10245,9986,9722,9418,9130,8816,8411,8296,8081,7953,-0.027745658591508238
122386,Chiba,Isumi,いすみ市,17081,17624,34705,5547,5376,5188,5065,4910,4761,4609,4463,4293,4171,4021,-0.03175315541620172,6990,6721,6446,6140,5840,5595,5360,5055,4868,4671,4505,-0.043476475232055556
122394,Chiba,Oamishirasato,大網白里市,23526,24134,47660,8317,8109,7957,7754,7565,7404,7221,7058,6881,6748,6504,-0.02420851103287458,10473,10154,9867,9600,9435,9125,8928,8693,8507,8421,8226,-0.023124853084437014
123226,Chiba,Shisui,印旛郡酒々井町,9991,10104,20095,3451,3420,3371,3288,3202,3173,3083,2982,2854,2753,2671,-0.027091549131199488,5116,4949,4747,4618,4533,4414,4336,4216,4179,4216,4244,-0.01693051972754278
123293,Chiba,Sakae,印旛郡栄町,9687,9937,19624,2863,2810,2732,2666,2564,2456,2383,2315,2269,2243,2170,-0.028309051727980927,4596,4447,4224,4021,3844,3637,3509,3345,3231,3184,3115,-0.03878350814542797
123421,Chiba,Kozaki,香取郡神崎町,2861,2773,5634,977,936,901,887,852,814,781,746,725,694,679,-0.03503750025756269,1179,1149,1114,1091,1039,1028,973,955,959,942,934,-0.022756066623023652
123471,Chiba,Tako,香取郡多古町,6870,6556,13426,2136,2101,2001,1960,1905,1854,1788,1725,1686,1635,1607,-0.029343569509885148,2968,2869,2797,2774,2704,2645,2626,2428,2364,2358,2326,-0.02304296973484521
123498,Chiba,Tonosho,香取郡東庄町,6409,6198,12607,2220,2164,2107,2040,1974,1926,1840,1767,1692,1606,1518,-0.03863014158708622,2755,2616,2531,2509,2419,2333,2298,2231,2136,2093,1983,-0.030312797909756495
124036,Chiba,Kujukuri,山武郡九十九里町,6978,7026,14004,2325,2238,2123,2007,1917,1789,1719,1607,1514,1462,1368,-0.05322379369064445,3265,3096,2919,2709,2609,2495,2372,2201,2088,2031,1974,-0.048775755956321
124095,Chiba,Shibayama,山武郡芝山町,3400,3244,6644,1147,1122,1088,1053,987,968,916,867,855,835,792,-0.03796143792961959,1584,1532,1474,1472,1373,1354,1304,1265,1249,1205,1168,-0.02969260352092984
124109,Chiba,Yokoshibahikari,山武郡横芝光町,10920,11175,22095,3960,3839,3756,3650,3536,3432,3333,3204,3130,3048,2965,-0.028295833162055306,4680,4527,4417,4306,4147,4093,4017,3899,3741,3652,3603,-0.02504683839808952
124214,Chiba,Ichinomiya,長生郡一宮町,6087,6207,12294,2121,2128,2116,2104,2095,2068,2035,2027,1998,1983,1973,-0.0083678314287301,2511,2432,2310,2253,2261,2204,2218,2027,1957,1936,1946,-0.024466605903167182
124222,Chiba,Mutsuzawa,長生郡睦沢町,3205,3344,6549,1019,1023,981,946,947,925,929,924,911,877,862,-0.018846747169118494,1336,1289,1217,1211,1152,1100,1086,1038,991,945,921,-0.036662373164987105
124231,Chiba,Chosei,長生郡長生村,6582,6687,13269,2394,2310,2313,2232,2128,2047,1968,1898,1831,1747,1646,-0.036955339050045,2861,2807,2696,2622,2644,2521,2490,2416,2340,2253,2157,-0.02884232201855419
124249,Chiba,Shirako,長生郡白子町,5230,5146,10376,1563,1523,1488,1433,1428,1357,1340,1287,1259,1224,1172,-0.02868826830803972,2176,2013,1943,1874,1822,1746,1656,1563,1548,1466,1438,-0.03668494932515698
124265,Chiba,Nagara,長生郡長柄町,3173,3060,6233,986,957,907,883,853,799,750,703,663,640,612,-0.04846096430584512,1319,1241,1194,1154,1087,1022,988,931,891,838,840,-0.04243668290218239
124273,Chiba,Chonan,長生郡長南町,3537,3537,7074,1008,983,962,906,898,861,834,813,779,737,700,-0.037022681640783706,1489,1393,1335,1257,1204,1152,1117,1032,1009,945,917,-0.0453938090627225
124419,Chiba,Otaki,夷隅郡大多喜町,3958,4047,8005,1341,1283,1226,1201,1182,1122,1070,1040,1018,992,978,-0.029710447058513223,1665,1576,1509,1427,1338,1279,1226,1150,1076,1013,963,-0.05326156593413711
124435,Chiba,Onjuku,夷隅郡御宿町,3335,3577,6912,815,799,785,765,732,707,674,644,609,571,555,-0.039679400487895755,1027,975,947,907,849,796,775,722,702,698,677,-0.03971923867533089
124630,Chiba,Kyonan,安房郡鋸南町,3242,3437,6679,988,928,890,866,829,783,746,695,639,614,585,-0.04997680241267599,1226,1168,1126,1107,1026,951,903,872,847,820,791,-0.04238128118160456
131016,Tokyo,Chiyoda,千代田区,34502,34333,68835,8863,9298,9599,10060,10497,11015,11394,11406,11531,11678,11680,0.02566591281169117,18050,18454,18738,18920,19794,20496,20616,20012,20251,20404,20020,0.009091145111856713
131024,Tokyo,Chuo,中央区,89617,97787,187404,19894,21148,22808,24331,25746,27120,27914,28149,28480,28842,31235,0.04428522697743742,45503,46008,47180,48830,49764,51127,50644,49849,50147,50671,54109,0.0181839322322086
131032,Tokyo,Minato,港区,126062,141718,267780,36098,37564,39345,40936,42286,43095,43359,43125,43844,44856,45080,0.020472584615274902,75092,74259,74505,74461,73941,73541,70963,68686,70053,71307,71101,-0.004816981071654292
131041,Tokyo,Shinjuku,新宿区,177370,175347,352717,38216,39437,40382,41353,42390,42592,41779,40618,41596,42042,42349,0.007947005153966069,117251,119516,120520,121052,121679,121693,118170,114721,118246,119797,121995,0.0022836932936942667
131059,Tokyo,Bunkyo,文京区,112018,123326,235345,30833,31880,33049,33887,35077,36083,36614,36898,37546,38162,38670,0.021685706762190282,65069,64987,65672,66062,66901,68286,66714,65156,66677,67399,68685,0.006168232890182868
131067,Tokyo,Taito,台東区,109947,106137,216084,23174,23462,23701,23931,24190,24301,24130,23639,23522,23635,23734,0.0012815458299908489,55559,55842,56020,56840,58300,59687,60166,60349,63551,67456,70081,0.025557287708298126
131075,Tokyo,Sumida,墨田区,141451,145851,287302,36062,36756,37237,37588,37787,37717,37446,36831,36581,36606,36346,-0.0012455926024824704,75974,76719,78167,79837,81145,82829,83004,83203,86912,90752,93090,0.021723409857258735
131083,Tokyo,Koto,江東区,265630,276055,541685,79580,81770,83164,84722,85723,86101,86540,85974,86229,86463,85656,0.005172090059715195,135465,135383,134634,135091,135131,134942,136264,134632,138453,142055,143920,0.006817555663105601
131091,Tokyo,Shinagawa,品川区,202245,210541,412786,52178,53752,54983,56262,57674,59223,60425,60356,60224,60314,60436,0.013107839686561595,114459,115086,115374,115939,118400,120740,121287,117700,117244,119549,121900,0.006411730090122303
131105,Tokyo,Meguro,目黒区,132760,148640,281400,37063,37730,38345,39237,39749,40167,40292,40011,40114,39879,39984,0.006467920586902931,87101,86231,85523,85112,84815,84595,82760,79675,79279,79612,80561,-0.007528747077137687
131113,Tokyo,Ota,大田区,368378,372141,740519,105899,106734,107019,107432,107774,107393,106365,104698,103335,102063,101113,-0.0059931970100448595,201547,200613,201082,202627,204663,206932,205524,201556,202178,207482,213300,0.006836814645609035
131121,Tokyo,Setagaya,世田谷区,436905,486305,923210,135106,137364,139714,141316,142872,143605,143516,142769,142112,141554,141061,0.0029552564318591212,258736,257201,255286,253223,252412,253166,250383,244360,241864,242067,244252,-0.005723270567361771
131130,Tokyo,Shibuya,渋谷区,111018,120384,231402,26592,27560,28291,28980,29772,30425,30618,30691,30524,30342,30361,0.01081286814193283,73269,73175,72607,72407,71688,71991,70715,68413,68134,68520,68499,-0.007310335881051122
131148,Tokyo,Nakano,中野区,172721,168601,341322,37015,38007,38691,39237,39502,39912,39763,39477,39688,40426,40817,0.007956856413772417,110503,112143,112922,113740,114397,115261,113173,109965,110615,112401,114778,0.0025838864150260488
131156,Tokyo,Suginami,杉並区,277809,299337,577147,73506,75168,76585,77638,78654,79856,79659,79497,79702,79700,79592,0.006374450527058206,174624,174848,174816,175100,175022,175081,171834,167009,166295,166735,168802,-0.003902431715771204
131164,Tokyo,Toshima,豊島区,147717,146927,294644,32504,33279,34064,34563,35312,35516,34773,34065,35094,35618,35943,0.008593131116353847,97397,99588,100564,101352,101689,101049,98107,94770,97967,99665,101733,0.002370589725321004
131172,Tokyo,Kita,北区,179986,182103,362089,45263,45950,46750,47264,48293,48736,48465,47972,48288,48773,49250,0.00773593769485692,97017,98058,99601,100746,102490,103037,101956,100548,102526,105066,107801,0.010580896432560216
131181,Tokyo,Arakawa,荒川区,110539,111739,222278,31685,32114,32439,32730,32821,33036,32673,32107,32144,32275,32147,0.0001141244678175557,59251,59672,59847,60016,60346,60506,59492,58884,59645,61578,64201,0.008161557422594168
131199,Tokyo,Itabashi,板橋区,283229,295685,578914,81526,82715,83556,83832,83927,83716,82398,80772,79834,79614,79126,-0.0049167005341148595,157044,158310,159739,160364,161889,163533,161465,159119,160096,163445,168571,0.0070023906560570115
131202,Tokyo,Nerima,練馬区,360504,385423,745927,120380,120466,120630,120679,120168,120138,118779,117344,116470,115748,115366,-0.004794897838198531,197495,196740,196182,196749,197491,200426,199256,196764,196608,197433,199332,0.00145535981106093
131211,Tokyo,Adachi,足立区,349165,349111,698276,112152,112188,111392,110572,109589,108231,106128,103697,102066,100684,99845,-0.012867283012913178,167899,167319,166706,167727,168994,170510,170491,170269,172834,176337,181212,0.008902218540759455
131229,Tokyo,Katsushika,葛飾区,233991,235925,469916,73023,73166,73494,73493,73144,72888,71655,70430,69712,69366,69206,-0.006163512492755596,112042,112077,113277,114520,114783,115749,115034,114014,116185,118799,121408,0.00892522094849757
131237,Tokyo,Edogawa,江戸川区,348893,344677,693570,126260,126268,125793,125249,124277,123063,119732,116508,114209,112634,111045,-0.01417316892888354,182105,182528,183261,183178,183115,183373,181156,177450,177359,179277,182752,0.00013628223788408889
132012,Tokyo,Hachioji,八王子市,279079,280004,559083,99111,98401,97325,96190,94436,93228,91195,89562,88039,86321,84672,-0.0165576125881316,136364,133277,131131,129134,127353,125329,123757,123043,123158,122302,121426,-0.010293834887887598
132021,Tokyo,Tachikawa,立川市,92181,94076,186257,30596,30446,30593,30661,30578,30266,29996,29653,29302,29020,28675,-0.006636652786128461,46361,45778,45824,45644,45455,44996,44955,45117,45168,45111,45340,-0.001067649799417647
132039,Tokyo,Musashino,武蔵野市,70910,77124,148034,21494,21944,22204,22363,22755,22842,22957,23148,23268,23211,23040,0.005430031937033952,41752,41223,40672,40478,40379,39769,39451,38915,38217,37560,37541,-0.010342003653216691
132047,Tokyo,Mitaka,三鷹市,92633,97863,190497,30351,30715,31340,31499,31691,31635,31858,32007,31710,31599,31456,0.0026522453681974145,50832,50016,49846,49416,48678,48560,48378,47462,46541,45883,45581,-0.010263851372065536
132055,Tokyo,Ome,青梅市,65013,64092,129105,23296,22813,22225,21670,20952,20476,19779,19134,18527,17982,17621,-0.028285499870602027,29643,28806,28087,27393,26685,25850,25297,24798,24456,24104,24085,-0.019691806102561493
132063,Tokyo,Fuchu,府中市,130361,130637,260998,46807,47320,47487,47351,47177,46565,45880,45265,44615,43942,43327,-0.009747409890942693,67213,66566,65552,64512,63957,63207,62446,61888,61229,60814,61258,-0.009190780148935707
132071,Tokyo,Akishima,昭島市,57486,58146,115632,19448,19387,19304,19328,19239,19110,18925,18814,18846,18675,18667,-0.004196224399452331,27444,27044,26490,26161,25688,25330,25171,25193,25243,25330,25895,-0.0048123024069559595
132080,Tokyo,Chofu,調布市,116306,123042,239348,37532,37974,38693,39136,39570,39660,39389,39378,39213,38965,38669,0.0020172018668556113,61976,61416,61630,61847,62060,61726,61122,60101,59528,58832,58393,-0.005592566149230649
132098,Tokyo,Machida,町田市,209990,220180,430170,78237,77642,77401,76766,76034,74953,73715,72588,71645,70552,69613,-0.012055321540772712,95814,93265,91503,89494,87948,87154,86827,87242,87520,87493,87259,-0.007368738498492622
132101,Tokyo,Koganei,小金井市,61595,63579,125174,19279,19331,19653,19815,20062,20223,20504,20771,20754,20708,20752,0.007912540283163905,33919,33595,33666,33627,33661,33577,33823,33581,33137,32643,32587,-0.0033791456303966516
132110,Tokyo,Kodaira,小平市,96317,100482,196799,33910,34206,34401,34471,34811,34853,34662,34414,34352,34097,33749,-0.0014933593861198302,48091,47711,47491,47332,47571,47399,46919,45888,46366,45581,45099,-0.0062362407556821875
132128,Tokyo,Hino,日野市,94173,94304,188477,32195,32672,32665,32554,32331,32279,32014,31631,31267,31043,30744,-0.006735391406954561,45794,45369,44667,44416,44216,44190,44023,43808,43326,43116,43728,-0.004085013899427947
132136,Tokyo,Higashimurayama,東村山市,73872,77923,151795,26366,26043,25800,25536,25167,25026,24781,24561,24331,24097,23801,-0.00995252272903413,35024,33934,33178,32867,32400,32318,32109,31818,31709,31635,31611,-0.007848185386566953
132144,Tokyo,Kokubunji,国分寺市,63439,66061,129500,19967,19976,20157,20344,20724,20862,21098,21359,21446,21545,21833,0.00992571790787089,32741,32378,31980,31883,32282,32654,33111,33136,32998,32799,32694,0.0010797374983522179
132152,Tokyo,Kunitachi,国立市,36854,39225,76079,12419,12434,12392,12348,12319,12217,12042,11863,11739,11598,11456,-0.009061037527513194,18950,18861,18802,18588,18508,18419,18363,18219,18106,17842,17853,-0.006084164580280493
132187,Tokyo,Fussa,福生市,28555,28027,56582,9168,9070,8921,8761,8586,8458,8235,7902,7818,7794,7619,-0.019183294919487004,14786,14649,14616,14570,14527,13983,13592,13170,13093,13452,13746,-0.007044426556068739
132195,Tokyo,Komae,狛江市,39625,42423,82048,12249,12518,12681,12841,12900,13091,13024,12940,12849,12727,12650,0.001166191325226773,21292,21249,21145,21189,21217,21124,20797,20211,19749,19353,19315,-0.0105470786155748
132209,Tokyo,Higashiyamato,東大和市,41647,43349,84996,15722,15757,15607,15436,15260,14981,14765,14510,14264,14108,13908,-0.01377321335998416,19979,19423,18895,18284,17933,17525,17423,17279,17005,16905,16790,-0.016055760868172064
132217,Tokyo,Kiyose,清瀬市,36070,38941,75011,13065,13061,13034,12967,12813,12589,12472,12374,12146,12007,11912,-0.010179434715554048,16337,15875,15640,15693,15626,15381,15509,15522,15481,15468,15735,-0.000983739617543944
132225,Tokyo,Higashikurume,東久留米市,56338,59987,116325,20270,20276,20122,19927,19724,19570,19299,19162,19004,18765,18579,-0.009664771859792198,25770,25452,24771,24362,24076,23728,23580,23349,23062,22784,22615,-0.013045375350092314
132233,Tokyo,Musashimurayama,武蔵村山市,35172,35524,70696,14400,14282,14198,14084,14022,13923,13582,13306,12978,12606,12213,-0.017238470398521,16324,15939,15508,15444,15095,14774,14559,14424,14118,14161,14064,-0.01380938512381813
132241,Tokyo,Tama,多摩市,72420,75664,148084,24098,24026,23881,23869,23729,23573,23238,22666,22452,22060,21765,-0.010921412702664446,35379,34457,33707,32848,32125,31578,30836,30086,30166,29764,29813,-0.015956614755475274
132250,Tokyo,Inagi,稲城市,46914,47002,93916,17613,17725,18108,18236,18195,18174,18051,17984,17932,17754,17483,-0.0015262887240014011,20900,20590,20813,20586,20529,20690,20662,20833,20702,20646,20661,0.00038255584371582607
132276,Tokyo,Hamura,羽村市,27339,26787,54126,10485,10317,10206,10014,9812,9639,9349,9109,8879,8740,8462,-0.02178231506324968,13496,13038,12744,12369,11978,11716,11409,11394,11463,11436,11496,-0.013888104815522384
132284,Tokyo,Akiruno,あきる野市,39496,39748,79244,15177,14954,14679,14466,14256,13984,13670,13463,13148,12884,12527,-0.019484617752204447,17233,16718,16455,15854,15638,15459,15145,14969,14862,14708,14829,-0.013234012364040426
132292,Tokyo,Nishitokyo,西東京市,100219,106026,206245,33999,34053,33931,34034,34158,34400,34238,34040,33874,33597,33377,-0.0022254194544928385,49247,48546,48223,47893,47905,48502,48388,47275,46722,46343,46302,-0.0052447143568912225
133035,Tokyo,Mizuho,西多摩郡瑞穂町,16290,15723,32013,6116,6033,5883,5742,5610,5373,5193,5018,4896,4774,4671,-0.028029801845407487,7599,7532,7325,7176,6877,6619,6476,6383,6284,6254,6258,-0.02037838112263901
133051,Tokyo,Hinode,西多摩郡日の出町,7920,8141,16061,3021,3065,3087,3091,3040,3037,3033,3002,2938,2862,2787,-0.010509036889919332,3521,3340,3231,3114,2936,2838,2740,2680,2599,2536,2447,-0.03397692516163808
133078,Tokyo,Hionohara,西多摩郡檜原村,961,962,1923,228,220,192,184,196,188,185,192,183,179,169,-0.028878027749956403,308,298,279,271,254,232,218,204,197,183,164,-0.06420473656373338
133086,Tokyo,Okutama,西多摩郡奥多摩町,2221,2271,4492,500,491,476,489,505,488,495,488,460,438,416,-0.018249083461453597,660,627,614,621,594,580,603,574,556,532,509,-0.02290021949961063
133612,Tokyo,Oshima,大島町,3556,3257,6813,1363,1361,1320,1296,1246,1226,1163,1127,1101,1065,1026,-0.03090696863802289,1296,1249,1193,1155,1136,1090,1085,1040,1028,1010,973,-0.027364661431310222
133621,Tokyo,Rishima,利島村,161,139,300,51,56,59,61,66,65,52,62,56,53,52,-0.008200410804553804,80,80,76,81,78,71,65,71,73,79,64,-0.024488888020923416
133639,Tokyo,Nijima,新島村,1186,1229,2415,413,405,395,385,383,386,374,347,325,313,312,-0.02857100194557216,476,453,421,412,406,399,374,370,354,346,343,-0.03043411911876681
133647,Tokyo,Kozushima,神津島村,898,839,1737,352,370,352,359,372,379,362,359,345,331,315,-0.017722232701022467,358,333,324,334,329,342,331,326,298,290,287,-0.016382137274912778
133817,Tokyo,Miyake,三宅村,1228,983,2211,290,265,266,271,278,273,272,284,280,277,276,0.004529230513122373,479,450,450,442,437,422,430,419,391,393,372,-0.020928312866334897
133825,Tokyo,Okurasima,御蔵島村,163,139,302,59,63,59,66,68,66,63,60,56,55,58,-0.009145888021753867,95,101,96,103,97,94,90,81,73,69,74,-0.03397127939598443
134015,Tokyo,Hchijo,八丈町,3419,3419,6838,1161,1161,1140,1103,1077,1055,1038,1024,1003,986,977,-0.018989640029848154,1152,1117,1085,1086,1096,1062,1015,1009,1000,1007,966,-0.016008038972487038
134023,Tokyo,Aogashima,青ヶ島村,93,67,160,25,24,21,25,22,24,23,18,19,17,17,-0.03759085260081729,44,42,41,41,39,47,50,59,53,51,47,0.012575974487252006
134210,Tokyo,Ogasawara,小笠原村,1412,1084,2496,525,521,508,526,525,518,503,484,484,503,465,-0.0125552541597157,671,709,680,694,675,675,633,614,620,589,542,-0.029402366858412687
141003,Kanagawa,Yokohama,横浜市,1857643,1895755,3753398,652940,650736,646625,640340,634151,626933,617623,608786,599836,590414,580349,-0.012638826533539094,910773,893889,879860,867257,862547,860450,858531,852733,851704,852602,856223,-0.004771994366517762
141011,Kanagawa,Tsurumi,横浜市鶴見区,152880,143067,295947,49814,50169,50489,50545,50589,50268,49574,48714,47973,47181,46540,-0.00830808971374275,78668,77461,76997,76690,76888,77310,76926,75362,74889,75476,77122,-0.000487214640855993
141020,Kanagawa,Kanagawa,横浜市神奈川区,123819,122013,245832,36459,36842,36845,36980,37142,37154,36855,36513,36450,35975,35483,-0.004167380069259097,65278,65313,64946,64784,64822,65253,65519,65458,66040,66451,67978,0.004453557271665964
141038,Kanagawa,Nishi,横浜市西区,53235,52953,106188,13897,14018,14202,14461,14818,15153,15028,14875,14881,14803,14699,0.005284720261906406,29132,28933,28128,28173,28964,29485,29464,29061,29573,29959,30473,0.005778658341081044
141046,Kanagawa,Naka,横浜市中区,80137,75229,155366,21915,22043,22101,22057,21834,21644,21252,20754,20490,20300,20136,-0.010003609165985194,36862,36489,35910,35218,34747,34708,34843,34028,34366,35050,36158,-0.0010120010306140514
141054,Kanagawa,Minami,横浜市南区,100111,100475,200586,28919,28785,28550,28244,27985,27708,27085,26340,25938,25732,25458,-0.013554453407154443,48019,47439,47013,46912,47150,47176,47145,47229,47847,49278,49820,0.005456145800101231
141062,Kanagawa,Hodogaya,横浜市保土ケ谷区,100254,102452,202706,33421,33116,33198,32779,32177,31643,31171,30539,30139,29683,29142,-0.01410361190098064,48653,48089,48242,47859,47005,47265,47130,46568,46305,46568,46604,-0.003479165448280974
141071,Kanagawa,Isogo,横浜市磯子区,81489,84097,165586,26831,27225,27139,27065,27158,26879,26466,26129,25725,25382,24987,-0.009485831743298756,38869,38565,37926,37290,36934,36406,35989,35501,34813,34349,33898,-0.014229907775487827
141089,Kanagawa,Kanazawa,横浜市金沢区,93799,98210,192009,34541,33949,33521,33049,32371,31632,30968,30365,29472,28678,27871,-0.021680706548432238,44592,42955,41880,40835,40115,39350,38832,38188,37735,37011,36824,-0.01696590242189555
141097,Kanagawa,Kohoku,横浜市港北区,177988,180177,358165,57382,57670,58178,58353,58528,58125,58012,57847,57879,57504,57239,-0.0008331664341814093,99410,98008,96649,95483,95313,95658,96138,95752,96503,96439,97475,-0.0006057245995414462
141101,Kanagawa,Totsuka,横浜市戸塚区,137833,143013,280846,51626,51515,51338,51077,51003,50888,50276,49734,48951,48207,47327,-0.009377099350611151,64596,62861,61619,60757,60900,60518,60238,59862,59323,59022,58503,-0.007951320192978173
141119,Kanagawa,Konan,横浜市港南区,102446,109023,211469,36775,36299,35621,34963,34478,33985,33464,33169,32719,32333,31450,-0.015806107990022578,47597,46110,44840,44023,43803,43689,43485,43502,42989,42644,42113,-0.010024237314018136
141127,Kanagawa,Asahi,横浜市旭区,117796,124158,241954,42648,42195,41734,41056,40542,40038,39291,38568,37960,37227,36735,-0.015278935617416889,54006,52658,51548,50580,50299,49707,49107,48445,48264,48178,48114,-0.009977114908848117
141135,Kanagawa,Midori,横浜市緑区,89476,92082,181558,34170,34156,33897,33558,33118,32875,32436,32005,31352,30860,30197,-0.013595149109518201,43309,42686,42091,41360,41179,41046,41010,40803,40563,40584,40433,-0.006006854541441342
141143,Kanagawa,Seya,横浜市瀬谷区,59556,62175,121731,23693,23338,23017,22512,21812,21275,20722,20142,19650,19186,18849,-0.02345641602113091,28020,27089,26433,25873,25430,25031,25082,25153,25254,25480,25607,-0.006231833277312249
141151,Kanagawa,Sakae,横浜市栄区,58640,62043,120683,21444,21237,20821,20542,20190,19768,19464,19282,18967,18664,18226,-0.01684493239456586,26083,24917,24076,23398,22736,22472,22320,22615,22962,23061,22987,-0.008917937489208216
141160,Kanagawa,Izumi,横浜市泉区,73833,77223,151056,28121,27747,27355,26827,26230,25685,25248,24890,24483,23951,23505,-0.01826606697609212,33757,32586,31843,31131,30678,30239,30136,30082,29813,29640,29872,-0.009615820744993453
141178,Kanagawa,Aoba,横浜市青葉区,148149,158811,306960,61401,60846,60108,59070,57850,56760,55710,54894,53877,52632,51509,-0.018339691032618233,73273,71823,70419,68817,68130,67487,67709,67450,66719,65740,65076,-0.010901140678472143
141186,Kanagawa,Tsuzuki,横浜市都筑区,106202,108554,214756,49883,49586,48511,47202,46326,45453,44601,44026,42930,42116,40996,-0.020915291818571657,50649,49907,49300,48074,47454,47650,47458,47674,47746,47672,47166,-0.0062567864411244845
141305,Kanagawa,Kawasaki,川崎市,775836,759305,1535141,253308,255214,256526,257110,257190,257410,255478,252328,248889,246245,242382,-0.005715538790464825,420744,418672,417073,417061,416649,418921,418763,416534,416569,418412,422655,0.0010526031862936325
141313,Kanagawa,Kawasaki,川崎市川崎区,126425,107462,233887,35232,35824,35845,35963,35770,35625,34907,33882,33203,32769,32182,-0.011841637114818893,62454,62941,63768,64876,65345,65755,65303,64326,64332,65128,66342,0.005864395425740687
141321,Kanagawa,Saiwai,川崎市幸区,88963,85845,174808,27197,27752,28171,28713,29095,29731,29810,29778,29634,29632,29571,0.007078965105079327,44829,44897,44959,45504,44921,46253,45810,45166,45042,45231,46159,0.0030848573891517628
141330,Kanagawa,Nakahara,川崎市中原区,132648,131083,263731,40868,41726,42537,43090,43872,44437,44428,43956,43516,42819,42087,0.0009576214154349838,81562,81702,81505,81560,82185,82666,82663,82231,82494,82989,83909,0.002965989525513857
141348,Kanagawa,Takatsu,川崎市高津区,115952,116005,231957,39761,40186,40235,40201,40105,39862,39389,38914,38253,37697,36852,-0.009577043532900564,67645,67467,66180,65551,64749,64412,64418,64090,63412,64071,64569,-0.004866361816848741
141356,Kanagawa,Tama,川崎市多摩区,110999,107534,218533,33621,33361,33205,32898,32502,32295,31981,31689,31409,31349,31215,-0.007360423376375991,63311,63041,62848,62575,63195,64157,65100,65881,66523,67042,68287,0.008921125180650025
141364,Kanagawa,Miyamae,川崎市宮前区,114539,119710,234249,44154,43949,44086,43944,43663,43469,43263,42834,42170,41765,40965,-0.0077819875604377975,58710,57433,57157,56902,56151,55549,55291,54805,54830,54346,53947,-0.006933293919229255
141372,Kanagawa,Asao,川崎市麻生区,86310,91666,177976,32475,32416,32447,32301,32183,31991,31700,31275,30704,30214,29510,-0.01038161723701203,42233,41191,40656,40093,40103,40129,40178,40035,39936,39605,39442,-0.004809347596322011
141500,Kanagawa,Sagamihara,相模原市,358771,357723,716494,125732,124859,123350,121993,120340,118437,116353,114491,112809,110620,108727,-0.015254119868459481,177081,173145,169391,166863,164216,162241,160909,159965,159686,158802,158012,-0.010110586892821294
141518,Kanagawa,Midori,相模原市緑区,83451,82321,165772,30518,30143,29640,29034,28491,27770,26992,26364,25781,25078,24429,-0.023082947050434788,41853,40698,39471,38411,37459,36368,35799,35317,34922,34355,34081,-0.01952235588886908
141526,Kanagawa,Chuo,相模原市中央区,137027,134835,271862,49179,48960,48287,47769,47173,46498,45685,44892,44219,43304,42495,-0.015612094052609549,66088,64928,63854,63082,62054,61492,60995,60429,60519,60445,60059,-0.008623882613514322
141534,Kanagawa,Minami,相模原市南区,138293,140567,278860,46035,45756,45423,45190,44676,44169,43676,43235,42809,42238,41803,-0.00998919801715037,69140,67519,66066,65370,64703,64381,64115,64219,64245,64002,63872,-0.0061507792612163215
142018,Kanagawa,Yokosuka,横須賀市,188643,190398,379041,69908,68740,67709,66237,64857,63435,61564,59612,57807,56027,54094,-0.02627184002360594,89563,86171,83782,81659,79602,77433,75934,74527,73013,71558,70558,-0.02196611138685256
142034,Kanagawa,Hiratsuka,平塚市,128048,128501,256549,45286,44727,44123,43819,43126,42568,41828,40964,40296,39634,38740,-0.015840387806729472,58600,56871,55886,54950,53817,52959,52299,51660,51456,52089,52196,-0.00948579898257329
142042,Kanagawa,Kamakura,鎌倉市,82577,91958,174535,28542,28628,28494,28251,28195,27948,27722,27500,27106,26595,26134,-0.010076456796570876,34212,32842,31792,31290,30659,30255,30516,30340,30104,29618,29108,-0.013321049322154721
142051,Kanagawa,Fujisawa,藤沢市,220078,224963,445041,78185,78923,79141,78925,79004,78924,78570,78406,78117,77126,75969,-0.004229622209031558,100816,99316,97777,96456,95590,94866,95105,95955,95760,94939,94407,-0.0056165526392516485
142069,Kanagawa,Odawara,小田原市,90919,95545,186464,33018,32603,32002,31403,30764,30137,29434,28753,28122,27477,26922,-0.021048707779376175,42472,41224,40410,39493,38579,38028,37343,36994,36787,36469,36248,-0.01419127467443182
142077,Kanagawa,Chigasaki,茅ヶ崎市,120290,127055,247345,44447,44380,44398,44127,44149,43591,43069,42799,42477,42187,41667,-0.006984325312763939,53812,52366,51107,50343,49439,48447,48100,48368,48050,48157,47504,-0.010768665794943733
142085,Kanagawa,Zushi,逗子市,27150,30677,57827,9861,9754,9799,9716,9580,9519,9430,9264,9159,9018,8762,-0.011846303196014651,10898,10684,10440,10152,9830,9668,9596,9540,9308,9128,8851,-0.020695823163699
142107,Kanagawa,Miura,三浦市,19343,20499,39842,6512,6328,6113,5873,5643,5399,5207,5040,4850,4639,4473,-0.03781372285879547,8542,8179,7797,7480,7134,6837,6619,6468,6277,6123,5933,-0.03504238483792266
142115,Kanagawa,Hadano,秦野市,79592,78981,158573,28485,28126,27619,27051,26512,26014,25353,24685,24253,23717,23099,-0.021640748143646804,37962,36532,35243,34256,33411,32601,31904,31239,31019,30903,30693,-0.01916442345709335
142123,Kanagawa,Atsugi,厚木市,115364,108060,223424,41074,40808,40356,39756,38928,38016,37302,36519,35887,35139,34399,-0.018804355106608606,56449,54844,53518,52675,51627,50612,49680,49311,49674,49734,49759,-0.010753039331749203
142131,Kanagawa,Yamato,大和市,122451,123299,245750,41336,41271,41105,41035,40481,40259,39888,40002,39898,39730,39424,-0.005074338075668261,59264,58238,57198,56683,56294,56928,57257,57718,58446,58352,58704,0.0008859260868354646
142140,Kanagawa,Isehara,伊勢原市,50705,49111,99816,17819,17725,17533,17348,17068,16722,16355,15967,15717,15503,15113,-0.017557458705868223,24514,24146,23886,23721,23592,23113,22836,22520,22633,22843,22753,-0.006580666404030655
142158,Kanagawa,Ebina,海老名市,70753,70010,140763,24317,24253,24185,24139,24122,24196,24245,24017,24128,23946,23928,-0.0014978770323118562,31454,30778,30268,30053,30431,30565,30890,31121,31887,32041,32440,0.005860671395705452
142166,Kanagawa,Zama,座間市,65724,65495,131219,22517,22246,22048,21741,21528,21197,20954,20722,20425,20109,19760,-0.013080642162787148,31017,30183,29580,29307,29166,29267,29076,28604,28438,28197,28149,-0.007721922911247736
142174,Kanagawa,Minamiashigara,南足柄市,19697,20467,40164,7789,7680,7469,7247,6997,6804,6487,6273,6076,5869,5638,-0.03376031120059697,9081,8671,8392,8205,7943,7589,7348,7157,7063,6902,6789,-0.02682048633865275
142182,Kanagawa,Ayase,綾瀬市,42914,41038,83952,16340,16152,15970,15690,15652,15536,15238,14981,14799,14587,14188,-0.014302001111617835,19787,19128,18526,18271,18056,17914,17591,17317,17495,17493,17663,-0.008814387271280255
143014,Kanagawa,Miurahayama,三浦郡葉山町,15006,16807,31813,6007,6098,6064,6030,5936,5870,5824,5750,5625,5495,5312,-0.015215548707722903,5625,5396,5200,4957,4864,4659,4516,4424,4301,4177,4053,-0.031299760811920097
143219,Kanagawa,Samukawa,高座郡寒川町,24933,24064,48997,8788,8848,8741,8755,8699,8678,8600,8531,8427,8372,8249,-0.007758574990834655,11521,11317,11092,10742,10531,10295,10314,10274,10187,10205,10156,-0.011954784246778538
143413,Kanagawa,Oiso,中郡大磯町,15514,16243,31757,5364,5339,5292,5280,5186,5142,5069,4970,4891,4843,4718,-0.013645312459366177,6111,5887,5788,5634,5439,5295,5200,4953,4867,4683,4563,-0.027910459275805932
143421,Kanagawa,Ninomiya,中郡二宮町,13280,14135,27415,4652,4527,4449,4321,4256,4162,4060,3979,3871,3801,3681,-0.022723944568802334,5600,5411,5246,5116,4990,4823,4660,4575,4413,4320,4262,-0.026173097633271802
143618,Kanagawa,Nakai,足柄上郡中井町,4497,4404,8901,1595,1548,1488,1462,1437,1391,1320,1273,1231,1179,1129,-0.03446233360603257,1960,1885,1870,1772,1686,1625,1564,1479,1499,1456,1476,-0.026810930279438816
143626,Kanagawa,Oi,足柄上郡大井町,8574,8852,17426,3453,3390,3325,3216,3138,3089,2975,2939,2872,2867,2793,-0.021293754512162644,3685,3484,3349,3373,3340,3360,3335,3331,3326,3367,3379,-0.0033943651018760734
143634,Kanagawa,Matsuda,足柄上郡松田町,5137,5282,10419,1702,1657,1637,1593,1578,1547,1472,1415,1374,1371,1320,-0.02494764434300034,2294,2268,2188,2161,2124,2083,2009,1940,1899,1834,1834,-0.023323590630945357
143642,Kanagawa,Yamakita,足柄上郡山北町,4561,4702,9263,1603,1530,1468,1386,1320,1262,1217,1177,1123,1086,1034,-0.04260286593054352,2127,2007,1871,1771,1650,1580,1514,1456,1412,1372,1324,-0.04516850716819176
143669,Kanagawa,Kaisei,足柄上郡開成町,9047,9519,18566,3492,3510,3541,3588,3644,3667,3687,3697,3638,3627,3563,0.0016665926851691104,3675,3640,3708,3645,3688,3741,3754,3688,3743,3717,3633,-0.00021385806350182612
143821,Kanagawa,Hakone,足柄下郡箱根町,5203,5632,10835,1482,1411,1378,1351,1280,1196,1109,1017,939,930,913,-0.047217544357673,2624,2449,2446,2533,2452,2485,2441,2456,2519,2698,2792,0.014670843150154766
143839,Kanagawa,Manazuru,足柄下郡真鶴町,3065,3488,6553,934,883,856,808,788,746,714,684,649,613,577,-0.04617578123041233,1211,1150,1105,1071,1027,977,943,900,878,843,788,-0.04113225771608764
143847,Kanagawa,Yugawara,足柄下郡湯河原町,10893,12290,23183,3677,3512,3389,3211,3044,2915,2752,2624,2508,2376,2246,-0.04845712753581877,4398,4120,3923,3867,3760,3558,3483,3417,3404,3372,3331,-0.02334329673640978
144011,Kanagawa,Aikawa,愛甲郡愛川町,20624,18753,39377,7193,7060,6862,6751,6540,6297,6081,5853,5716,5603,5433,-0.028686455318201798,8956,8697,8540,8370,8093,7992,7901,7788,7810,7795,7867,-0.011082722766714181
144029,Kanagawa,Kiyokawa,愛甲郡清川村,1402,1314,2716,440,443,430,428,434,431,421,404,387,366,340,-0.02897463026717262,592,553,533,485,487,457,427,413,415,395,380,-0.04083044573791628
