code,prefecture,city_jp,2015,2016,2017,2018,2019,2020,2021,2022,2023,2024,2025,cagr_10y
08201,茨城県,水戸市,273046,273047,273231,273243,272485,271912,271380,271156,270010,268843,267467,-0.002062
08202,茨城県,日立市,188938,186675,184574,182391,180304,177769,175366,172599,169785,167198,163855,-0.014143
08203,茨城県,土浦市,144927,144088,143570,143024,142862,142030,141371,141300,141418,141613,141571,-0.002340
08204,茨城県,古河市,145214,144715,144406,144480,143693,142992,142260,141371,140959,140499,139812,-0.003784
08205,茨城県,石岡市,78221,77479,76768,76062,75264,74540,73649,72680,71817,70981,69937,-0.011132
08207,茨城県,結城市,52830,52598,52598,52566,52081,51795,51266,50540,50349,49936,49528,-0.006433
08208,茨城県,龍ケ崎市,79125,78804,78289,77857,77560,77222,76590,76264,75813,75509,74917,-0.005450
08210,茨城県,下妻市,45001,44729,44467,44328,43791,43395,43095,42703,42419,42272,42071,-0.006710
08211,茨城県,常総市,65370,64462,64185,64036,63608,63046,62570,62057,61562,61180,60596,-0.007555
08212,茨城県,常陸太田市,55495,54660,53818,53020,52035,51112,50278,49236,48222,47338,46390,-0.017761
08214,茨城県,高萩市,30421,30000,29649,29232,28768,28312,27866,27414,26866,26315,25769,-0.016459
08215,茨城県,北茨城市,45942,45493,44858,44206,43704,43197,42651,41968,41448,40757,40014,-0.013720
08216,茨城県,笠間市,78557,77957,77446,76969,76350,75644,74984,74367,73787,73183,72567,-0.007900
08217,茨城県,取手市,109348,108957,108416,108049,107489,107097,107236,105967,106011,106008,105872,-0.003225
08219,茨城県,牛久市,84378,84703,85022,85255,85036,84852,84868,84497,84293,84085,83820,-0.000663
08220,茨城県,つくば市,220622,223755,227127,230360,233807,237653,241809,246541,252202,255244,259000,0.016167
08221,茨城県,ひたちなか市,159480,159372,159590,159574,159259,158660,158015,157140,156435,155762,154647,-0.003073
08222,茨城県,鹿嶋市,68142,68182,68127,68057,67892,67687,67416,67031,66274,65797,65217,-0.004378
08223,茨城県,潮来市,29441,29232,28981,28641,28370,27950,27613,27279,26890,26555,26088,-0.012018
08224,茨城県,守谷市,64894,65413,66251,66922,67634,68498,69392,69966,70414,70659,70900,0.008891
08225,茨城県,常陸大宮市,44708,44117,43467,42860,42192,41385,40590,40016,39370,38664,37861,-0.016486
08226,茨城県,那珂市,55779,55651,55431,55230,54925,54649,54440,54279,53839,53501,53167,-0.004784
08227,茨城県,筑西市,108789,107807,106874,106013,105063,104059,103243,102235,101606,100670,99804,-0.008583
08228,茨城県,坂東市,56429,56010,55661,55057,54430,53881,53550,52928,52639,52346,52143,-0.007868
08229,茨城県,稲敷市,44242,43593,42917,42123,41357,40538,39806,39111,38377,37692,37012,-0.017685
08230,茨城県,かすみがうら市,43575,43111,42701,42413,42193,41717,41200,40737,40628,40369,39893,-0.008789
08231,茨城県,桜川市,45039,44312,43643,42990,42126,41440,40606,39845,39041,38250,37635,-0.017799
08232,茨城県,神栖市,94520,94791,94934,95354,95401,95544,95537,95073,94710,94295,93786,-0.000779
08233,茨城県,行方市,37299,36701,36171,35694,35074,34447,33775,32956,32502,32055,31505,-0.016740
08234,茨城県,鉾田市,50789,50472,50109,49742,49130,48717,48160,47287,47181,47018,46537,-0.008705
08235,茨城県,つくばみらい市,49024,50323,50971,51590,51630,51835,52110,52469,53004,53446,53503,0.008781
08236,茨城県,小美玉市,52896,52489,52172,51747,51266,50807,50250,49445,49224,48797,48482,-0.008676
08300,茨城県,東茨城郡,72704,71847,71024,70234,69319,68482,67432,66230,65409,64580,63692,-0.013147
08302,茨城県,東茨城郡茨城町,33774,33573,33257,33002,32719,32438,32022,31518,31098,30784,30523,-0.010070
08309,茨城県,東茨城郡大洗町,17870,17552,17404,17203,16914,16712,16464,16094,15932,15717,15461,-0.014376
08310,茨城県,東茨城郡城里町,21060,20722,20363,20029,19686,19332,18946,18618,18379,18079,17708,-0.017186
08340,茨城県,那珂郡,38467,38409,38363,38405,38373,38379,38376,38328,38424,38297,38151,-0.000825
08341,茨城県,那珂郡東海村,38467,38409,38363,38405,38373,38379,38376,38328,38424,38297,38151,-0.000825
08360,茨城県,久慈郡,19060,18609,18165,17744,17259,16679,16251,15833,15444,14952,14516,-0.026867
08364,茨城県,久慈郡大子町,19060,18609,18165,17744,17259,16679,16251,15833,15444,14952,14516,-0.026867
08440,茨城県,稲敷郡,73951,73353,72702,72297,71976,71740,71620,71508,71906,71807,71590,-0.003239
08442,茨城県,稲敷郡美浦村,16664,16361,15963,15687,15434,15172,14972,14745,14605,14365,14156,-0.016179
08443,茨城県,稲敷郡阿見町,47576,47515,47489,47506,47587,47814,48070,48395,49161,49489,49643,0.004262
08447,茨城県,稲敷郡河内町,9711,9477,9250,9104,8955,8754,8578,8368,8140,7953,7791,-0.021788
08520,茨城県,結城郡,23137,22901,22763,22722,22286,22081,21736,21281,21224,21090,21082,-0.009258
08521,茨城県,結城郡八千代町,23137,22901,22763,22722,22286,22081,21736,21281,21224,21090,21082,-0.009258
08540,茨城県,猿島郡,34823,34437,34249,34059,33863,33630,33459,33184,32897,32700,32702,-0.006264
08542,茨城県,猿島郡五霞町,9127,8960,8858,8740,8613,8512,8385,8257,8112,8063,7933,-0.013923
08546,茨城県,猿島郡境町,25696,25477,25391,25319,25250,25118,25074,24927,24785,24637,24769,-0.003668
08560,茨城県,北相馬郡,17150,16977,16768,16541,16329,16063,15862,15556,15409,15427,15498,-0.010078
08564,茨城県,北相馬郡利根町,17150,16977,16768,16541,16329,16063,15862,15556,15409,15427,15498,-0.010078
11100,埼玉県,さいたま市,1260879,1270476,1281414,1292016,1302256,1314145,1324589,1332226,1339333,1345012,1350500,0.006890
11101,埼玉県,さいたま市西区,86386,87130,87918,88584,89854,91968,93412,94154,94583,95251,95597,0.010183
11102,埼玉県,さいたま市北区,145204,145430,146224,146649,147010,148118,149045,149530,149826,150366,151122,0.004003
11103,埼玉県,さいたま市大宮区,114112,114986,115827,116947,117182,118118,119322,121305,124002,124703,126417,0.010293
11104,埼玉県,さいたま市見沼区,160501,161131,161766,162046,162842,163289,163885,164808,165005,165105,165465,0.003051
11105,埼玉県,さいたま市中央区,98239,98994,99421,99993,100945,101957,102384,102653,103059,103107,103111,0.004852
11106,埼玉県,さいたま市桜区,95584,95650,96049,95930,96010,95929,95859,95876,96304,96466,96620,0.001079
11107,埼玉県,さいたま市浦和区,153141,156143,158340,160112,162097,164449,166257,167699,168522,169635,169815,0.010389
11108,埼玉県,さいたま市南区,178712,180495,183273,186690,188854,191127,192083,192253,193471,194299,195507,0.009023
11109,埼玉県,さいたま市緑区,117843,119336,120856,123186,125294,127245,129440,131324,132308,133648,134711,0.013468
11110,埼玉県,さいたま市岩槻区,111157,111181,111740,111879,112168,111945,112902,112624,112253,112432,112135,0.000876
11201,埼玉県,川越市,349378,350223,351654,352433,353115,353301,353260,353235,353183,352717,352805,0.000977
11202,埼玉県,熊谷市,201627,200700,199718,198852,197731,196829,195410,193820,193132,192074,190927,-0.005438
11203,埼玉県,川口市,589205,592684,595495,600050,603838,607105,607373,605545,604715,606315,607447,0.003054
11206,埼玉県,行田市,84363,83585,82836,82051,81424,80936,80236,79324,78741,78416,77854,-0.007997
11207,埼玉県,秩父市,66073,65311,64540,63720,62895,62005,61159,60314,59244,58223,57212,-0.014296
11208,埼玉県,所沢市,343083,343390,343993,343965,344320,344233,344216,343637,344070,343529,342520,-0.000164
11209,埼玉県,飯能市,80823,80513,80293,80070,79708,79553,79123,78630,78445,78472,77963,-0.003596
11210,埼玉県,加須市,114963,114289,113917,113754,113321,113043,112792,112235,112179,112163,112018,-0.002592
11211,埼玉県,本庄市,79464,78993,78989,78707,78297,78243,77900,77720,77526,77285,76783,-0.003426
11212,埼玉県,東松山市,89402,89574,89953,90188,90290,90348,90456,90385,90651,91094,91256,0.002055
11214,埼玉県,春日部市,237723,236975,236466,235716,234598,234137,233391,232864,231726,230687,229656,-0.003446
11215,埼玉県,狭山市,154288,153738,153054,152487,151661,150719,149826,149692,149360,148872,148221,-0.004004
11216,埼玉県,羽生市,55886,55677,55441,55243,55112,54642,54304,54051,53951,53855,53696,-0.003990
11217,埼玉県,鴻巣市,119301,119192,119041,119029,118745,118395,117995,117660,117798,117582,117564,-0.001466
11218,埼玉県,深谷市,145695,145053,144696,144375,143675,143219,142803,142383,141681,141419,140809,-0.003405
11219,埼玉県,上尾市,227897,227890,228092,228480,228519,228779,229517,230507,230229,230167,230066,0.000948
11221,埼玉県,草加市,245389,245878,247040,247991,248488,249645,250225,250824,250966,251219,251992,0.002659
11222,埼玉県,越谷市,333736,336565,339156,340862,342945,344528,345482,345047,343866,343062,342327,0.002545
11223,埼玉県,蕨市,72317,73289,73900,74576,75261,75679,75749,75391,75282,75646,76342,0.005431
11224,埼玉県,戸田市,132880,135243,137320,138738,139616,140642,141033,141324,141887,142163,142070,0.006710
11225,埼玉県,入間市,149952,149593,149124,148723,148442,147727,147162,146309,145718,144723,143412,-0.004449
11227,埼玉県,朝霞市,134132,135928,136910,138442,140004,141802,143195,143585,144062,144964,145938,0.008471
11228,埼玉県,志木市,73443,74183,75421,76056,76303,76474,76457,76595,76416,76312,76153,0.003630
11229,埼玉県,和光市,79992,80615,81368,81724,82785,83810,84161,83746,83962,84728,84890,0.005961
11230,埼玉県,新座市,163153,164028,164767,165486,165336,165727,166208,166108,165730,166036,166412,0.001980
11231,埼玉県,桶川市,75207,75071,75266,75234,75408,75359,75202,74822,74680,74448,74172,-0.001385
11232,埼玉県,久喜市,154694,154527,154241,154116,153709,153066,152506,151669,150987,150913,150976,-0.002430
11233,埼玉県,北本市,68657,68154,67593,67084,66668,66171,66022,65817,65751,65403,65274,-0.005040
11234,埼玉県,八潮市,85572,86138,87109,88908,90876,92131,92518,92192,92365,93065,93655,0.009067
11235,埼玉県,富士見市,109164,110045,110398,110886,111167,111620,112211,112420,112839,113145,113404,0.003818
11237,埼玉県,三郷市,136798,137656,139164,140100,141827,142529,142926,143046,142410,141942,142152,0.003847
11238,埼玉県,蓮田市,62773,62481,62347,62227,61961,61570,61540,61563,61211,61337,61111,-0.002680
11239,埼玉県,坂戸市,101219,101408,101545,101364,101226,101026,100612,99992,99763,99527,99632,-0.001579
11240,埼玉県,幸手市,53096,52725,52401,51939,51338,50886,50256,49721,49404,49063,48801,-0.008400
11241,埼玉県,鶴ヶ島市,70184,70145,70061,70050,70144,69935,69937,70069,70190,70063,69836,-0.000497
11242,埼玉県,日高市,57249,57015,56600,56340,56066,55696,55294,54852,54615,54396,54192,-0.005473
11243,埼玉県,吉川市,69871,71048,71584,72382,72891,73050,73248,73182,73001,72678,72396,0.003556
11245,埼玉県,ふじみ野市,111920,112919,113553,114058,114292,114306,114557,114279,114156,114363,114559,0.002333
11246,埼玉県,白岡市,51688,52035,52257,52539,52497,52404,52475,52705,52748,52649,52404,0.001377
11300,埼玉県,北足立郡,44088,44437,44501,44699,44789,44830,44959,45030,45221,45045,45042,0.002143
11301,埼玉県,北足立郡伊奈町,44088,44437,44501,44699,44789,44830,44959,45030,45221,45045,45042,0.002143
11320,埼玉県,入間郡,85846,85258,84837,84424,83820,83309,82665,82090,81428,80681,80177,-0.006809
11324,埼玉県,入間郡三芳町,38233,38188,38243,38404,38324,38191,38135,37942,37738,37453,37377,-0.002262
11326,埼玉県,入間郡毛呂山町,35304,34977,34690,34207,33852,33551,33178,32900,32616,32365,32043,-0.009645
11327,埼玉県,入間郡越生町,12309,12093,11904,11813,11644,11567,11352,11248,11074,10863,10757,-0.013387
11340,埼玉県,比企郡,136383,135043,133831,132675,131640,130410,129055,127730,126603,125261,123826,-0.009612
11341,埼玉県,比企郡滑川町,17748,17999,18286,18671,19038,19294,19562,19670,19711,19745,19757,0.010781
11342,埼玉県,比企郡嵐山町,18274,18145,18052,17944,17996,17890,17747,17630,17596,17516,17328,-0.005301
11343,埼玉県,比企郡小川町,32218,31618,31199,30619,30105,29628,29075,28647,28244,27886,27448,-0.015896
11346,埼玉県,比企郡川島町,21229,21028,20744,20545,20294,19952,19672,19345,19188,18874,18671,-0.012758
11347,埼玉県,比企郡吉見町,20382,20013,19745,19421,19168,18920,18654,18390,18117,17859,17620,-0.014456
11348,埼玉県,比企郡鳩山町,14470,14389,14165,14000,13822,13657,13446,13289,13158,12967,12782,-0.012327
11349,埼玉県,比企郡ときがわ町,12062,11851,11640,11475,11217,11069,10899,10759,10589,10414,10220,-0.016435
11360,埼玉県,秩父郡*,42760,41958,41170,40516,39767,39105,38460,37623,36901,36103,35313,-0.018953
11361,埼玉県,秩父郡横瀬町*,8792,,8518,8420,8322,8194,8131,7976,7835,7748,7601,-0.014451
11362,埼玉県,秩父郡皆野町*,10434,10287,10077,9939,9792,9677,9521,9371,9236,9050,8878,-0.016020
11363,埼玉県,秩父郡長瀞町*,7611,7496,7362,7279,7143,7022,6883,6748,6660,6516,6367,-0.017688
11365,埼玉県,秩父郡小鹿野町,12788,12471,12220,11968,11687,11459,11214,10893,10622,10316,10061,-0.023699
11369,埼玉県,秩父郡東秩父村*,3135,3048,2993,2910,2823,2753,2711,2635,2548,2473,2406,-0.026119
11380,埼玉県,児玉郡,57190,56891,56521,56314,56057,55700,55326,54869,54592,54256,53974,-0.005771
11381,埼玉県,児玉郡美里町,11589,11477,11319,11252,11226,11205,11113,10994,10916,10819,10685,-0.008089
11383,埼玉県,児玉郡神川町,14094,14027,13943,13835,13693,13507,13365,13173,13122,12888,12759,-0.009902
11385,埼玉県,児玉郡上里町,31507,31387,31259,31227,31138,30988,30848,30702,30554,30549,30530,-0.003145
11400,埼玉県,大里郡,35213,34855,34465,34079,33711,33342,32915,32587,32237,32041,31675,-0.010533
11408,埼玉県,大里郡寄居町,35213,34855,34465,34079,33711,33342,32915,32587,32237,32041,31675,-0.010533
11440,埼玉県,南埼玉郡,33392,33589,33780,34022,34097,34001,33824,33664,33514,33371,33471,0.000236
11442,埼玉県,南埼玉郡宮代町,33392,33589,33780,34022,34097,34001,33824,33664,33514,33371,33471,0.000236
11460,埼玉県,北葛飾郡,76888,76430,75985,75321,74652,73942,73319,72769,72566,72154,71419,-0.007351
11464,埼玉県,北葛飾郡杉戸町,46298,46109,45883,45432,45117,44777,44482,44219,44168,44014,43562,-0.006073
11465,埼玉県,北葛飾郡松伏町,30590,30321,30102,29889,29535,29165,28837,28550,28398,28140,27857,-0.009315
12100,千葉県,千葉市,962376,964424,965607,967832,970049,972516,974726,976328,977016,978899,983896,0.002214
12101,千葉県,千葉市中央区,201427,202983,204392,206279,207885,208904,210245,210715,211942,213881,216963,0.007458
12102,千葉県,千葉市花見川区,178030,177354,177116,176569,176723,176973,176932,176706,176669,177254,176964,-0.000600
12103,千葉県,千葉市稲毛区,156455,157786,157809,158125,158280,158002,158277,157888,157905,157850,158426,0.001253
12104,千葉県,千葉市若葉区,150616,150585,150209,149846,149624,149619,149068,148468,147717,147250,146761,-0.002589
12105,千葉県,千葉市緑区,126752,127202,127965,128656,129107,129667,130055,130272,130064,129848,129402,0.002071
12106,千葉県,千葉市美浜区,149096,148514,148116,148357,148430,149351,150149,152279,152719,152816,155380,0.004137
12202,千葉県,銚子市,66882,65546,64355,63058,61684,60327,59109,57589,56373,55016,53986,-0.021193
12203,千葉県,市川市,472757,476560,480744,484605,487536,490192,491764,490843,491577,492895,494720,0.004551
12204,千葉県,船橋市,622988,626809,630937,635517,639598,642938,644966,645718,647037,648331,649393,0.004160
12205,千葉県,館山市,48749,48397,47976,47345,46775,46161,45767,45265,44677,44160,43554,-0.011205
12206,千葉県,木更津市,133064,134002,134646,135174,135318,135617,136034,136047,136303,136611,136843,0.002804
12207,千葉県,松戸市,487376,489717,492199,494402,496571,498473,498457,496899,497120,498222,500395,0.002640
12208,千葉県,野田市,155900,155295,155050,154784,154727,154373,154140,153807,153661,153815,153538,-0.001526
12210,千葉県,茂原市,91855,91358,90949,90481,89751,89128,88280,87814,87358,86613,85861,-0.006725
12211,千葉県,成田市,131418,131739,132334,133098,133456,132735,131833,130318,130944,132023,133099,0.001272
12212,千葉県,佐倉市,177601,177056,176744,176291,175833,175045,173619,172232,171460,170406,169506,-0.004654
12213,千葉県,東金市,60424,60335,60124,59661,59040,58484,57743,57248,57268,56867,56524,-0.006650
12215,千葉県,旭市,68020,67598,67267,66431,65810,65305,64689,64009,63379,62747,61986,-0.009246
12216,千葉県,習志野市,166523,168838,171861,172632,173205,173885,175197,175372,174812,174963,175105,0.005038
12217,千葉県,柏市,406281,409001,412690,416433,420028,424920,428587,431267,433733,435529,437634,0.007461
12218,千葉県,勝浦市,19583,19033,18514,18007,17605,17222,16817,16386,16097,15663,15213,-0.024935
12219,千葉県,市原市,280340,279697,279093,277707,276739,275385,273771,271740,270085,268517,266861,-0.004915
12220,千葉県,流山市,172659,176248,180637,185460,190534,195476,200309,204512,208401,210733,212562,0.021009
12221,千葉県,八千代市,194101,195173,195933,197672,198858,199786,202176,203354,204717,205748,206692,0.006305
12222,千葉県,我孫子市,133216,132853,132619,132388,132216,132183,131644,131402,130964,131286,131317,-0.001435
12223,千葉県,鴨川市,34881,34453,33984,33562,33078,32673,32290,31842,31277,30820,30209,-0.014277
12224,千葉県,鎌ケ谷市,109562,109458,109480,109919,109972,109954,109943,109871,109564,109557,109757,0.000178
12225,千葉県,君津市,88126,87447,86552,85604,84811,83885,83005,82103,81176,80395,79520,-0.010223
12226,千葉県,富津市,47108,46492,45972,45374,44798,44069,43436,42665,41773,41119,40427,-0.015178
12227,千葉県,浦安市,162914,164034,166551,167938,169443,170169,169918,168658,169552,170671,171322,0.005045
12228,千葉県,四街道市,91340,91645,92337,93184,94027,94843,95366,95851,96226,96479,96424,0.005431
12229,千葉県,袖ケ浦市,62022,62063,62306,62897,63676,64348,64940,65360,65659,66022,66091,0.006375
12230,千葉県,八街市,73449,72713,72006,71290,70343,69509,68888,67739,67396,67006,66631,-0.009695
12231,千葉県,印西市,93722,95040,97263,99286,101299,103513,105772,107633,109953,111274,111731,0.017731
12232,千葉県,白井市,62761,63169,63345,63790,63723,63324,63162,62726,62845,62603,62218,-0.000869
12233,千葉県,富里市,49972,49947,50127,50258,50201,50245,50077,49404,49404,49668,49999,0.000054
12234,千葉県,南房総市,41034,40388,39733,39026,38401,37684,37024,36268,35593,34815,34066,-0.018438
12235,千葉県,匝瑳市,38755,38197,37709,37207,36642,36121,35542,34932,34338,33797,33294,-0.015073
12236,千葉県,香取市,81065,80015,78982,77838,76905,75538,74330,73129,71868,70791,69575,-0.015168
12237,千葉県,山武市,54904,54139,53435,52701,51935,51176,50336,49491,49103,48369,47745,-0.013874
12238,千葉県,いすみ市,40502,40014,39360,38787,38242,37665,37143,36575,35896,35289,34705,-0.015328
12239,千葉県,大網白里市,50714,50409,50192,49913,49620,49200,48960,48679,48417,48180,47660,-0.006192
12320,千葉県,印旛郡,43079,42797,42389,41992,41603,41212,40952,40546,40272,40049,39719,-0.008088
12322,千葉県,印旛郡酒々井町,21348,21256,21120,20954,20830,20723,20659,20460,20339,20207,20095,-0.006030
12329,千葉県,印旛郡栄町,21731,21541,21269,21038,20773,20489,20293,20086,19933,19842,19624,-0.010147
12340,千葉県,香取郡,36659,36195,35759,35468,34920,34408,33911,33216,32699,32173,31667,-0.014532
12342,千葉県,香取郡神崎町,6384,6321,6256,6214,6123,6024,5889,5806,5761,5679,5634,-0.012420
12347,千葉県,香取郡多古町,15427,15240,15046,14943,14709,14544,14387,14035,13813,13588,13426,-0.013797
12349,千葉県,香取郡東庄町,14848,14634,14457,14311,14088,13840,13635,13375,13125,12906,12607,-0.016228
12400,千葉県,山武郡,50164,49431,48709,48051,47175,46522,45820,44992,44227,43487,42743,-0.015882
12403,千葉県,山武郡九十九里町,17382,17082,16737,16334,16007,15680,15336,14953,14625,14333,14004,-0.021377
12409,千葉県,山武郡芝山町,7715,7621,7507,7500,7307,7255,7116,6998,6905,6776,6644,-0.014834
12410,千葉県,山武郡横芝光町,25067,24728,24465,24217,23861,23587,23368,23041,22697,22378,22095,-0.012541
12420,千葉県,長生郡*,62850,62269,61625,60857,60475,59502,58988,58117,57386,56537,55795,-0.011836
12421,千葉県,長生郡一宮町,12439,12469,12416,12448,12490,12480,12494,12344,12304,12284,12294,-0.001172
12422,千葉県,長生郡睦沢町*,7405,7365,7245,7135,7073,6964,6929,6870,6746,6614,6549,-0.012209
12423,千葉県,長生郡長生村,14763,14705,14646,14471,14412,14133,14028,13874,13738,13515,13269,-0.010613
12424,千葉県,長生郡白子町,12052,11830,11675,11485,11383,11182,11040,10847,10721,10565,10376,-0.014862
12426,千葉県,長生郡長柄町,7495,7378,7254,7150,7078,6880,6754,6588,6444,6316,6233,-0.018269
12427,千葉県,長生郡長南町*,8696,8522,8389,8168,8039,7863,7743,7594,7433,7243,7074,-0.020432
12440,千葉県,夷隅郡*,17847,17535,17274,16996,16689,16410,16057,15745,15479,15164,14917,-0.017774
12441,千葉県,夷隅郡大多喜町,9992,9747,9561,9385,9161,8980,8745,8544,8365,8164,8005,-0.021928
12443,千葉県,夷隅郡御宿町*,7855,7788,7713,7611,7528,7430,7312,7201,7114,7000,6912,-0.012708
12460,千葉県,安房郡*,8563,8370,8233,8076,7879,7651,7409,7183,6990,6849,6679,-0.024542
12463,千葉県,安房郡鋸南町*,8563,8370,8233,8076,7879,7651,7409,7183,6990,6849,6679,-0.024542
13101,東京都,千代田区,56873,,59788,61269,63635,65942,67216,67049,67911,68755,68835,0.019273
13102,東京都,中央区,138088,,149640,156823,162502,168361,170583,171419,174074,176835,187404,0.031009
13103,東京都,港区,240585,,249242,253639,257426,260379,259036,257183,261615,266306,267780,0.010767
13104,東京都,新宿区,327712,,338488,342297,346162,348452,345231,341222,346279,349226,352717,0.007380
13105,東京都,文京区,207413,,213969,217419,221489,226114,226574,226332,229653,232177,235345,0.012714
13106,東京都,台東区,189795,,193822,196134,199292,202431,203647,203709,207479,212388,216084,0.013057
13107,東京都,墨田区,258423,,265238,268898,271859,274896,275647,275724,279985,284555,287302,0.010650
13108,東京都,江東区,493952,,506511,513197,518479,521835,526301,525952,532882,539108,541685,0.009267
13109,東京都,品川区,372077,,382761,387622,394700,401704,406404,403699,404196,408280,412786,0.010437
13110,東京都,目黒区,269689,,273708,276786,279342,281474,281317,278276,278635,279520,281400,0.004260
13111,東京都,大田区,707455,,717295,723341,729534,734493,733672,728703,728425,733634,740519,0.004578
13112,東京都,世田谷区,874332,,892535,900107,908907,917486,920372,916208,915439,918141,923210,0.005454
13113,東京都,渋谷区,217008,,222278,224680,226594,229671,230506,229013,229412,230609,231402,0.006443
13114,東京都,中野区,316625,,325460,328683,331658,335234,334632,332017,333593,337377,341322,0.007539
13115,東京都,杉並区,547165,,558950,564489,569132,574118,573504,569703,570786,572843,577147,0.005349
13116,東京都,豊島区,275507,,284307,287111,289508,290246,287300,283342,288704,291650,294644,0.006738
13117,東京都,北区,338084,,345149,348030,351976,353908,353158,351278,353732,357701,362089,0.006883
13118,東京都,荒川区,209087,,213113,214644,215966,217146,216535,215543,216814,219268,222278,0.006137
13119,東京都,板橋区,544172,,557309,561713,566890,571357,570213,567214,568241,572927,578914,0.006208
13120,東京都,練馬区,714656,,723711,728479,732433,739435,740099,738358,738914,741540,745927,0.004292
13121,東京都,足立区,674111,,681281,685447,688512,691298,691002,689106,690114,693223,698276,0.003528
13122,東京都,葛飾区,449527,,456893,460423,462591,464550,463691,462083,464175,467000,469916,0.004446
13123,東京都,江戸川区,680262,,691514,695366,698031,700079,696123,689739,688153,689961,693570,0.001939
13201,東京都,八王子市,562572,,563228,563178,562460,562480,561828,561758,562145,560692,559083,-0.000622
13202,東京都,立川市,179090,,181554,182658,183822,184090,184577,185124,185483,185825,186257,0.003932
13203,東京都,武蔵野市,142138,,143964,144902,146399,146871,147643,148025,147964,147809,148034,0.004073
13204,東京都,三鷹市,182092,,185101,186375,187199,188461,190126,190590,189916,189959,190497,0.004523
13205,東京都,青梅市,137052,,135986,135248,134086,133032,132145,131124,130274,129468,129105,-0.005956
13206,東京都,府中市,254551,,258000,258654,260011,260232,260255,260253,259924,260078,260998,0.002504
13207,東京都,昭島市,112727,,112789,113244,113215,113397,113552,113829,114259,114516,115632,0.002548
13208,東京都,調布市,224191,,229886,232473,235169,237054,237815,237939,238505,238774,239348,0.006563
13209,東京都,町田市,426648,,428572,428742,428685,428821,429152,430385,430831,430380,430170,0.000822
13210,東京都,小金井市,117427,,119359,120268,121443,122306,123828,124617,124756,124614,125174,0.006409
13211,東京都,小平市,186958,,189885,191308,193596,194869,195543,195361,196924,196913,196799,0.005143
13212,東京都,日野市,180975,,183589,184667,185393,186346,187027,187304,187254,187494,188477,0.004070
13213,東京都,東村山市,151412,,150739,151018,150789,151255,151575,151695,151814,151751,151795,0.000253
13214,東京都,国分寺市,119379,,120656,121673,123689,125170,126862,127792,128238,128762,129500,0.008171
13215,東京都,国立市,74558,,75452,75723,76038,76280,76371,76317,76168,75889,76079,0.002022
13218,東京都,福生市,58553,,58554,58384,58243,57617,57024,56274,56201,56512,56582,-0.003418
13219,東京都,狛江市,79096,,80807,81788,82481,83257,83268,83022,82749,82102,82048,0.003671
13220,東京都,東大和市,86162,,85945,85718,85565,85301,85317,85285,84870,85085,84996,-0.001362
13221,東京都,清瀬市,74374,,74510,74845,74737,74636,74905,74948,74702,74596,75011,0.000853
13222,東京都,東久留米市,116494,,116867,116830,116896,116916,117007,117091,116839,116512,116325,-0.000145
13223,東京都,武蔵村山市,72092,,72238,72489,72546,72382,72023,71872,71296,71018,70696,-0.001953
13224,東京都,多摩市,147486,,148293,148724,148745,148823,148479,147528,148210,147776,148084,0.000405
13225,東京都,稲城市,86594,,89089,89915,90585,91540,92262,93007,93421,93781,93916,0.008150
13227,東京都,羽村市,56604,,56244,55870,55607,55354,54725,54609,54504,54416,54126,-0.004466
13228,東京都,あきる野市,81697,,81403,80985,80851,80667,80221,80112,79807,79513,79244,-0.003044
13229,東京都,西東京市,198267,,199790,201058,202817,205125,206047,205805,205876,205899,206245,0.003953
13300,東京都,西多摩郡*,58759,,58284,57968,57341,56695,56259,55843,55354,54951,54489,-0.007516
13303,東京都,西多摩郡瑞穂町,33808,,33716,33532,33213,32824,32568,32328,32161,32062,32013,-0.005441
13305,東京都,西多摩郡日の出町,17062,,17015,16959,16732,16695,16588,16549,16409,16300,16061,-0.006028
13307,東京都,西多摩郡檜原村*,2379,,2283,2244,2217,2138,2112,2069,2038,1986,1923,-0.021055
13308,東京都,西多摩郡奥多摩町*,5510,,5270,5233,5179,5038,4991,4897,4746,4603,4492,-0.020219
13360,東京都,島しょ*,27039,,26307,26044,25706,25339,24926,24552,24170,23793,23272,-0.014891
13361,東京都,大島町,8253,,8015,7880,7716,7544,7411,7262,7150,6982,6813,-0.018992
13362,東京都,利島村,307,,315,321,323,322,310,332,317,314,300,-0.002304
13363,東京都,新島村*,2888,,2753,2724,2722,2688,2633,2547,2495,2453,2415,-0.017727
13364,東京都,神津島村*,1938,,1878,1894,1898,1919,1887,1877,1813,1775,1737,-0.010890
13381,東京都,三宅島　三宅村,2714,,2583,2538,2481,2425,2383,2362,2301,2254,2211,-0.020289
13382,東京都,御蔵島村*,298,,303,320,317,318,307,299,292,291,302,0.001334
13401,東京都,八丈島　八丈町*,7921,,7706,7560,7465,7326,7224,7128,7053,6968,6838,-0.014595
13402,東京都,青ヶ島村*,167,,160,166,159,168,165,170,168,156,160,-0.004273
13421,東京都,小笠原村*,2553,,2594,2641,2625,2629,2606,2575,2581,2600,2496,-0.002255
14100,神奈川県,横浜市,3722250,,3735843,3737845,3745796,3754772,3759939,3755793,3753645,3752969,3753398,0.000834
14101,神奈川県,横浜市鶴見区,285865,,289807,291329,293569,295361,295603,294028,293430,294106,295947,0.003472
14102,神奈川県,横浜市神奈川区,232178,,235449,236829,238559,240251,241139,241476,242940,243726,245832,0.005731
14103,神奈川県,横浜市西区,97533,,98021,99424,101770,103361,103530,103279,104408,105137,106188,0.008538
14104,神奈川県,横浜市中区,149691,,151385,151463,151474,152210,153309,152191,152949,154056,155366,0.003728
14105,神奈川県,横浜市南区,198894,,198854,199085,199455,199597,199384,198822,198745,200169,200586,0.000847
14106,神奈川県,横浜市保土ケ谷区,204354,,205768,205656,204715,205077,205071,204082,203266,203180,202706,-0.000809
14107,神奈川県,横浜市磯子区,166263,,167988,168071,168189,167910,167759,167405,166575,166143,165586,-0.000408
14108,神奈川県,横浜市金沢区,203406,,201098,200265,199283,198300,197402,196463,194944,193279,192009,-0.005750
14109,神奈川県,横浜市港北区,336942,,341531,343332,346030,348231,350985,351978,354558,355528,358165,0.006127
14110,神奈川県,横浜市戸塚区,275856,,277189,278196,280439,281940,282521,282714,282160,281702,280846,0.001794
14111,神奈川県,横浜市港南区,217823,,215738,215180,215116,214973,214841,214976,214052,213152,211469,-0.002956
14112,神奈川県,横浜市旭区,249908,,248513,247766,247731,247142,246248,244821,243849,242899,241954,-0.003229
14113,神奈川県,横浜市緑区,178888,,180382,180436,180814,181721,182279,182182,181749,181773,181558,0.001483
14114,神奈川県,横浜市瀬谷区,126580,,125594,124948,124048,123405,123015,122587,122164,122105,121731,-0.003898
14115,神奈川県,横浜市栄区,123956,,122414,121943,121108,120675,120386,120956,121318,121239,120683,-0.002672
14116,神奈川県,横浜市泉区,155825,,154926,154232,153538,153065,152959,152700,152035,151286,151056,-0.003103
14117,神奈川県,横浜市青葉区,307497,,308963,308335,308354,308833,310085,310217,309573,308151,306960,-0.000175
14118,神奈川県,横浜市都筑区,210791,,212223,211355,211604,212720,213423,214916,214930,215338,214756,0.001865
14130,神奈川県,川崎市,1445484,,1474167,1488031,1500460,1514299,1521562,1522390,1524026,1529136,1535141,0.006036
14131,神奈川県,川崎市川崎区,222865,,228589,231824,233525,234888,234569,232653,232123,232922,233887,0.004839
14132,神奈川県,川崎市幸区,159434,,164111,166740,167772,171345,171872,172030,172312,173298,174808,0.009248
14133,神奈川県,川崎市中原区,240075,,247320,250259,254365,257775,259718,260078,261075,262300,263731,0.009442
14134,神奈川県,川崎市高津区,221567,,225817,227155,228331,229524,230598,230835,230205,231310,231957,0.004593
14135,神奈川県,川崎市多摩区,204350,,206688,207593,209208,211110,212806,214187,215269,216379,218533,0.006733
14136,神奈川県,川崎市宮前区,224570,,227478,229422,230683,231870,233405,234040,234495,234713,234249,0.004229
14137,神奈川県,川崎市麻生区,172623,,174164,175038,176576,177787,178594,178567,178547,178214,177976,0.003059
14150,神奈川県,相模原市,715145,,716981,718192,718367,718300,718601,719112,719118,717861,716494,0.000188
14151,神奈川県,相模原市緑区,173514,,172792,172066,171321,170183,169252,168694,167923,166625,165772,-0.004554
14152,神奈川県,相模原市中央区,268209,,270081,270913,271234,271497,271961,272039,272439,272325,271862,0.001354
14153,神奈川県,相模原市南区,273422,,274108,275213,275812,276620,277388,278379,278756,278911,278860,0.001971
14201,神奈川県,横須賀市,418277,,412026,408739,405244,401050,396992,392817,388197,383488,379041,-0.009802
14203,神奈川県,平塚市,258065,,257373,257615,257113,256947,256652,255987,256005,256856,256549,-0.000589
14204,神奈川県,鎌倉市,177458,,176393,176242,176369,176408,177053,177051,176460,175625,174535,-0.001659
14205,神奈川県,藤沢市,423246,,428612,430685,433526,436206,439416,443053,445177,445172,445041,0.005034
14206,神奈川県,小田原市,195353,,193803,192674,191557,190580,189425,188739,187880,187040,186464,-0.004646
14207,神奈川県,茅ヶ崎市,240428,,241979,242792,243931,243884,244475,245852,246394,247785,247345,0.002840
14208,神奈川県,逗子市,60070,,60154,59917,59573,59525,59598,59391,58959,58510,57827,-0.003798
14210,神奈川県,三浦市,46520,,45174,44451,43770,43036,42444,41817,41297,40578,39842,-0.015377
14211,神奈川県,秦野市,164366,,162809,162296,161628,161193,160415,159985,159646,159257,158573,-0.003582
14212,神奈川県,厚木市,225342,,225366,225654,225089,224378,223710,223451,223836,223940,223424,-0.000854
14213,神奈川県,大和市,233586,,235434,236675,237112,239192,240998,242937,244421,245038,245750,0.005089
14214,神奈川県,伊勢原市,99539,,100187,100518,100777,100427,100213,99795,99910,100156,99816,0.000278
14215,神奈川県,海老名市,130077,,131061,131789,133199,134442,136134,136965,138969,139604,140763,0.007926
14216,神奈川県,座間市,129767,,130088,130519,130963,131698,131845,131709,131527,131356,131219,0.001113
14217,神奈川県,南足柄市,44036,,43348,43125,42687,42195,41650,41254,41057,40666,40164,-0.009161
14218,神奈川県,綾瀬市,85414,,85180,85063,85120,85297,84886,84445,84376,84100,83952,-0.001725
14300,神奈川県,三浦郡,33503,,33431,33300,33194,32994,32916,32864,32623,32272,31813,-0.005163
14301,神奈川県,三浦郡葉山町,33503,,33431,33300,33194,32994,32916,32864,32623,32272,31813,-0.005163
14320,神奈川県,高座郡,48092,,48372,48446,48588,48695,48933,49064,49063,49135,48997,0.001866
14321,神奈川県,高座郡寒川町,48092,,48372,48446,48588,48695,48933,49064,49063,49135,48997,0.001866
14340,神奈川県,中郡,62532,,62132,61941,61728,61320,61032,60647,60190,59806,59172,-0.005508
14341,神奈川県,中郡大磯町,33051,,33045,33054,32936,32773,32711,32464,32265,32054,31757,-0.003986
14342,神奈川県,中郡二宮町,29481,,29087,28887,28792,28547,28321,28183,27925,27752,27415,-0.007239
14360,神奈川県,足柄上郡,66845,,66234,66065,66040,65945,65693,65375,65190,64976,64575,-0.003449
14361,神奈川県,足柄上郡中井町,9760,,9630,9559,9481,9394,9262,9099,9068,8932,8901,-0.009171
14362,神奈川県,足柄上郡大井町,17388,,17171,17214,17280,17326,17317,17351,17363,17473,17426,0.000218
14363,神奈川県,足柄上郡松田町,11525,,11318,11249,11227,11116,10931,10756,10616,10487,10419,-0.010038
14364,神奈川県,足柄上郡山北町,11405,,10842,10583,10308,10104,9960,9783,9577,9435,9263,-0.020588
14366,神奈川県,足柄上郡開成町,16767,,17273,17460,17744,18005,18223,18386,18566,18649,18566,0.010244
14380,神奈川県,足柄下郡*,46804,,45248,44878,44209,43475,42803,42167,41624,41100,40571,-0.014190
14382,神奈川県,足柄下郡箱根町,12480,,12017,11968,11655,11468,11195,11032,10845,10907,10835,-0.014035
14383,神奈川県,足柄下郡真鶴町*,7882,,7548,7457,7334,7204,7115,6984,6880,6710,6553,-0.018296
14384,神奈川県,足柄下郡湯河原町,26442,,25683,25453,25220,24803,24493,24151,23899,23483,23183,-0.013067
14400,神奈川県,愛甲郡*,44467,,43994,43822,43481,43184,42860,42550,42413,42262,42093,-0.005472
14401,神奈川県,愛甲郡愛川町,41386,,40955,40843,40500,40248,39977,39690,39601,39498,39377,-0.004964
14402,神奈川県,愛甲郡清川村*,3081,,3039,2979,2981,2936,2883,2860,2812,2764,2716,-0.012530
