code,prefecture,city_en,city_jp,pop_cagr,single_hh_growth,under20_cagr,age2039_cagr,income_cagr,crimes,crimes_per_1000,land_price,land_price_cagr,park_sqm,score_pop,score_single_hh,score_under20,score_2039,score_income,score_safety,score_land_price,score_land_cagr,score_park,macro_total
82015,Ibaraki,Mito,水戸市,-0.002292,0.076527,-0.013462,-0.013964,0.019473,2111,7.892562,39700,-0.003843,19,5,2,7,5,6,2,9,4,8,25
82023,Ibaraki,Hitachi,日立市,-0.014383,0.060027,-0.038702,-0.027754,0.006126,546,3.332214,34400,-0.005956,7.9,2,2,1,2,2,10,9,4,7,17
82031,Ibaraki,Tuchiura,土浦市,-0.001956,0.372884,-0.021267,-0.00538,0.018598,1231,8.695284,30300,-0.004306,6.9,5,9,4,7,5,1,9,4,6,22
82040,Ibaraki,Furukawa,古河市,-0.003822,0.269533,-0.018217,-0.014416,0.015859,998,7.138157,35200,-0.000943,13.8,5,8,5,5,5,3,9,5,8,23
82058,Ibaraki,Ishioka,石岡市,-0.011315,0.217052,-0.028837,-0.025371,0.007995,530,7.578249,18000,-0.005406,4.9,3,7,3,3,3,2,10,4,5,14
82074,Ibaraki,Yuki,結城市,-0.00666,0.294075,-0.021532,-0.019556,0.012331,401,8.09643,28000,-0.001183,7.9,4,9,4,4,4,2,9,5,7,18
82082,Ibaraki,Ryugasaki,龍ケ崎市,-0.005605,0.242726,-0.030064,-0.018533,0.012655,591,7.88873,27400,-0.004751,14.6,4,8,3,4,4,2,9,4,8,17
82104,Ibaraki,Shimodsuma,下妻市,-0.006784,0.414488,-0.026162,-0.013507,0.012946,327,7.772575,18900,-0.00845,16.1,4,9,3,5,4,2,10,3,8,18
82112,Ibaraki,Joso,常総市,-0.006848,0.270786,-0.025923,-0.010884,0.019,468,7.723282,21500,-0.018351,12.4,4,8,3,6,5,2,9,2,8,20
82121,Ibaraki,Hitachi-Ota,常陸太田市,-0.018062,0.07177,-0.038936,-0.036822,-0.003707,208,4.483725,20500,-0.010778,11,1,2,1,1,1,9,9,3,8,13
82147,Ibaraki,Takahagi,高萩市,-0.01675,0.083624,-0.039445,-0.039415,-0.00125,149,5.782141,21100,-0.017351,8.5,2,2,1,1,1,6,9,2,7,11
82155,Ibaraki,Kitaibaraki,北茨城市,-0.014158,0.076018,-0.032921,-0.029435,0.004793,170,4.248513,20400,-0.012763,6.7,2,2,2,2,2,9,9,3,6,17
82163,Ibaraki,Kasama,笠間市,-0.007929,0.256556,-0.023154,-0.022846,0.014185,474,6.531895,19200,-0.016982,19.3,3,8,4,3,4,4,10,2,8,18
82171,Ibaraki,Toride,取手市,-0.003186,0.222713,-0.015488,-0.016324,0.013572,788,7.44295,45200,-0.007571,10,5,7,6,4,4,3,8,3,8,22
82198,Ibaraki,Ushiku,牛久市,-0.001164,0.180933,-0.015773,-0.02545,0.014481,537,6.406586,41600,0.000805,5.6,6,6,6,3,4,5,8,5,6,24
82201,Ibaraki,Tsukuba,つくば市,0.016386,0.208477,0.014717,0.008907,0.042039,1769,6.830116,64200,0.02239,9.5,10,7,10,10,10,4,7,8,7,44
82210,Ibaraki,Hitachinaka,ひたちなか市,-0.003338,0.339556,-0.021933,-0.011857,0.021834,724,4.68163,31800,0.00035,20.7,5,9,4,5,6,8,9,5,9,28
82228,Ibaraki,Kashima,鹿嶋市,-0.004928,0.061245,-0.020911,-0.022804,0.015499,564,8.648052,19800,0.008792,9.6,4,2,4,3,5,1,10,6,7,17
82236,Ibaraki,Itako,潮来市,-0.012564,0.099371,-0.030915,-0.029001,0.004369,181,6.938056,12400,-0.006083,11.4,3,3,3,2,2,3,10,4,8,13
82244,Ibaraki,Moriya,守谷市,0.00899,0.157438,0.000316,-0.009503,0.032781,460,6.488011,110100,0.033143,14.6,10,5,9,6,9,5,5,10,8,39
82252,Ibaraki,Hitachi-Omiya,常陸大宮市,-0.016848,0.051602,-0.037823,-0.034396,0.003222,167,4.410871,18800,-0.016816,35,2,2,2,2,2,9,10,2,9,17
82261,Ibaraki,Naka,那珂市,-0.005061,0.178555,-0.018032,-0.020577,0.01624,319,5.999962,21600,-0.005504,12.6,4,6,5,4,5,6,9,4,8,24
82279,Ibaraki,Tikusei,筑西市,-0.008534,0.285033,-0.026415,-0.018847,0.014007,792,7.935554,19400,-0.005569,9.1,3,9,3,4,4,2,10,4,7,16
82287,Ibaraki,Bando,坂東市,-0.007917,0.344248,-0.02825,-0.013422,0.00933,334,6.405462,20600,-0.00474,9.6,3,9,3,5,3,5,9,4,7,19
82295,Ibaraki,Inashiki,稲敷市,-0.018019,0.164277,-0.046037,-0.034372,0.001106,335,9.051119,8900,-0.013956,5.1,1,5,1,2,1,1,10,2,6,6
82309,Ibaraki,Kasumigaura,かすみがうら市,-0.008583,0.015947,-0.03099,-0.018259,0.015419,304,7.620385,19300,-0.001712,13.6,3,1,3,4,5,2,10,4,8,17
82317,Ibaraki,Sakuragawa,桜川市,-0.017983,0.072165,-0.040506,-0.041293,0.001318,286,7.599309,15700,-0.006837,10.5,1,2,1,1,1,2,10,4,8,6
82325,Ibaraki,Kamisu,神栖市,-0.001184,0.210247,-0.020467,-0.007656,0.023379,571,6.088329,17300,0.000644,25.8,6,7,4,7,6,6,10,5,9,29
82333,Ibaraki,Yukata,行方市,-0.016819,0.074018,-0.034702,-0.034015,0.003087,186,5.903825,6500,-0.015774,8.6,2,2,2,2,2,6,10,2,7,14
82341,Ibaraki,Hokota,鉾田市,-0.008978,0.180458,-0.028895,-0.009346,0.017139,324,6.962202,9000,-0.005989,8.8,3,6,3,6,5,3,10,4,7,20
82350,Ibaraki,Tsukubamiai,つくばみらい市,0.006832,0.450187,0.01017,-0.016439,0.034186,256,4.784778,50800,0.059876,5,10,10,10,4,10,8,7,10,6,42
82368,Ibaraki,Komitama,小美玉市,-0.008785,0.291936,-0.027251,-0.018865,0.010633,370,7.631698,13700,-0.010753,6.8,3,9,3,4,3,2,10,3,6,15
83020,Ibaraki,Ibaraki-cho,東茨城郡茨城町,-0.010527,0.261776,-0.027039,-0.024391,0.003357,243,7.96121,15300,-0.012282,14.1,3,8,3,3,2,2,10,3,8,13
83097,Ibaraki,Oarai-cho,東茨城郡大洗町,-0.013995,0.141601,-0.034958,-0.021019,0.013173,109,7.049997,22100,-0.008662,40.2,2,4,2,4,4,3,9,3,9,15
83101,Ibaraki,Shirosato,東茨城郡城里町,-0.017313,0.032258,-0.041324,-0.040032,0.002099,88,4.969505,11500,-0.02162,4.5,1,1,1,1,2,8,10,1,5,13
83411,Ibaraki,Tokai,那珂郡東海村,-0.000749,0.214366,-0.015793,-0.007554,0.022333,215,5.635501,38700,-0.002551,9.9,6,7,6,7,6,7,9,4,7,32
83640,Ibaraki,Daigo,久慈郡大子町,-0.027222,-0.006504,-0.053502,-0.052099,-0.008016,51,3.513365,10100,-0.026822,32.7,1,1,1,1,1,10,10,1,9,14
84425,Ibaraki,Miho,稲敷郡美浦村,-0.015956,0.031884,-0.04341,-0.034032,0.00414,100,7.064142,10400,-0.015774,13.7,2,1,1,2,2,3,10,2,8,10
84433,Ibaraki,Ami,稲敷郡阿見町,0.00488,0.157446,-0.001872,0.000443,0.028086,393,7.916524,27700,0.010121,7.5,9,5,9,9,8,2,9,6,7,37
84476,Ibaraki,Kawachi,稲敷郡河内町,-0.021531,0.331551,-0.052941,-0.036784,-0.005984,42,5.390836,9800,-0.007637,10.2,1,9,1,1,1,7,10,3,8,11
85219,Ibaraki,Yachiyo,結城郡八千代町,-0.009154,0.115044,-0.032171,-0.011499,0.000302,113,5.360023,11100,-0.004884,8.6,3,3,2,5,1,7,10,4,7,18
85421,Ibaraki,Goka,猿島郡五霞町,-0.013435,0.101587,-0.038382,-0.032685,0.001839,55,6.933064,21300,-0.006071,8.1,3,3,2,2,2,3,9,4,7,12
85464,Ibaraki,Sakai,猿島郡境町,-0.003127,0.421338,-0.013511,-0.005066,0.015648,168,6.782672,21000,-0.003125,0.2,5,9,6,8,5,4,9,4,1,28
85642,Ibaraki,Tone,北相馬郡利根町,-0.010076,0.056399,-0.033223,-0.019264,-0.004301,99,6.387921,13900,-0.012738,12.4,3,2,2,4,1,5,10,3,8,15
111007,Saitama,Saitama,さいたま市,0.00681,0.203224,-0.001848,0.003462,0.031643,9378,6.944095,229500,0.02851,5.03,9,6,9,9,9,3,4,9,6,39
111015,Saitama,Nishi,さいたま市西区,0.010358,0.366167,0.008288,0.010745,0.031643,534,5.585949,110500,0.010595,5.03,10,9,10,10,9,7,5,6,6,46
111023,Saitama,Kita,さいたま市北区,0.004275,0.143508,-0.011996,-7.5e-05,0.031643,1005,6.650256,185200,0.015681,5.03,8,4,7,9,9,4,4,7,6,37
111031,Saitama,Omiya,さいたま市大宮区,0.010586,0.044554,0.007096,0.010323,0.031643,1793,14.183219,327500,0.042695,5.03,10,1,10,10,9,1,3,10,6,40
111040,Saitama,Minuma,さいたま市見沼区,0.002953,0.254835,-0.008988,-0.002545,0.031643,1113,6.726498,116800,0.004773,5.03,8,8,8,8,9,4,5,5,6,37
111058,Saitama,Chuo,さいたま市中央区,0.004538,0.311751,-0.008732,0.003159,0.031643,617,5.983843,297000,0.024721,5.03,9,9,8,9,9,6,3,9,6,41
111066,Saitama,Sakura,さいたま市桜区,0.001122,0.161285,-0.016464,-0.002,0.031643,628,6.49969,171300,0.010666,5.03,7,5,5,8,9,5,4,6,6,34
111074,Saitama,Urawa,さいたま市浦和区,0.00937,0.250384,0.006337,0.005984,0.031643,924,5.441215,394000,0.04131,5.03,10,8,10,10,9,7,3,10,6,46
111082,Saitama,Minami,さいたま市南区,0.008917,0.170686,0.001194,0.004033,0.031643,1017,5.20186,288900,0.026453,5.03,10,5,9,9,9,7,3,9,6,44
111091,Saitama,Midori,さいたま市緑区,0.013556,0.298765,0.009857,0.006708,0.031643,862,6.398884,178300,0.018337,5.03,10,9,10,10,9,5,4,8,6,44
111104,Saitama,Iwatsuki,さいたま市岩槻区,0.00095,0.27391,-0.010492,-0.001439,0.031643,885,7.892273,86800,0.010517,5.03,7,8,7,8,9,2,6,6,6,33
112011,Saitama,Kawagoe,川越市,0.000816,0.157584,-0.010383,-0.00911,0.023379,2498,7.080399,143700,0.010678,4.76,7,5,7,6,6,3,5,6,5,29
112020,Saitama,Kumagaya,熊谷市,-0.005531,0.1496,-0.02058,-0.01673,0.015134,1369,7.17028,54400,0.001647,25.49,4,4,4,4,4,3,7,5,9,19
112038,Saitama,Kawaguchi,川口市,0.002737,0.224086,-0.010246,-0.000121,0.027821,4417,7.271416,238700,0.023717,3.28,8,7,7,9,8,3,4,8,4,35
112062,Saitama,Gyoda,行田市,-0.007861,0.187828,-0.025866,-0.021,0.009282,584,7.50122,33300,-0.011341,14.38,3,6,3,4,3,3,9,3,8,16
112071,Saitama,Chichibu,秩父市,-0.014603,0.109449,-0.031714,-0.029161,0.008136,282,4.929036,54200,-0.002029,41.18,2,3,2,2,3,8,7,4,9,17
112089,Saitama,Tokorozawa,所沢市,-0.000282,0.141581,-0.013555,-0.009632,0.021411,1981,5.783604,182500,0.011741,4.15,6,4,6,6,6,6,4,7,5,30
112097,Saitama,Hanno,飯能市,-0.00357,0.188354,-0.012978,-0.017516,0.013869,511,6.554391,88100,0.002167,17.86,5,6,7,4,4,4,6,5,8,24
112101,Saitama,Kazo,加須市,-0.002228,0.34781,-0.015362,-0.013003,0.015936,707,6.311486,33400,-0.003272,15.13,5,9,6,5,5,5,9,4,8,26
112119,Saitama,Honjo,本庄市,-0.003148,0.195737,-0.017389,-0.013939,0.01586,601,7.827253,41100,-0.006286,10.04,5,6,5,5,5,2,8,4,8,22
112127,Saitama,Higashimatsuyama,東松山市,0.002069,0.220515,-0.006388,-0.00765,0.019246,830,9.095292,57300,0.008917,23.57,7,7,8,7,5,1,7,6,9,28
112143,Saitama,Kasukabe,春日部市,-0.00348,0.090745,-0.020406,-0.013858,0.014703,1762,7.672345,87900,0.000253,3.88,5,3,4,5,4,2,6,5,4,20
112151,Saitama,Sayama,狭山市,-0.004052,0.118156,-0.018684,-0.015842,0.009951,776,5.235425,106800,-0.001651,7.08,4,4,5,5,3,7,6,4,7,24
112160,Saitama,Hanyu,羽生市,-0.004017,0.298448,-0.020912,-0.009334,0.013498,597,11.118147,27500,-0.013928,19.85,5,9,4,6,4,1,9,2,8,20
112178,Saitama,Konosu,鴻巣市,-0.001527,0.186567,-0.013543,-0.013683,0.014024,786,6.68572,66500,0,5.93,6,6,6,5,4,4,7,5,6,25
112186,Saitama,Fukaya,深谷市,-0.003294,0.187615,-0.018358,-0.015415,0.014799,875,6.214091,44100,0.004905,6.86,5,6,5,5,4,5,8,5,6,24
112194,Saitama,Ageo,上尾市,0.001056,0.158096,-0.012908,-0.004024,0.023824,1670,7.258787,118800,0.006073,4.28,7,5,7,8,7,3,5,6,5,32
112216,Saitama,Soka,草加市,0.002733,0.094393,-0.016199,0.003491,0.026661,1906,7.563732,147300,0.013116,2.02,8,3,6,9,8,2,5,7,3,33
112224,Saitama,Koshigaya,越谷市,0.001888,0.044322,-0.010887,-0.007018,0.023784,3256,9.511374,140400,0.011296,2.77,7,1,7,7,7,1,5,7,3,29
112232,Saitama,Warabi,蕨市,0.004545,0.183864,-0.003842,0.006482,0.023973,614,8.042755,289500,0.022818,1.85,9,6,9,10,7,2,3,8,2,37
112241,Saitama,Toda,戸田市,0.005487,0.191984,-0.008506,-0.001454,0.028379,1034,7.278102,277200,0.028476,9.85,9,6,8,8,8,3,3,9,7,36
112259,Saitama,Iruma,入間市,-0.004678,0.119814,-0.022879,-0.019653,0.010301,789,5.501632,103700,-0.000641,3.67,4,4,4,4,3,7,6,5,4,22
112275,Saitama,Asaka,朝霞市,0.007926,0.028401,-0.002323,0.002184,0.042417,1012,6.934452,258800,0.017494,2.16,10,1,9,9,10,3,3,7,3,41
112283,Saitama,Shiki,志木市,0.002916,0.119169,-0.005473,-0.009444,0.021679,392,5.147532,248300,0.012721,4.29,8,4,9,6,6,7,4,7,5,36
112291,Saitama,Wako,和光市,0.005758,0.135075,-0.007808,0.001328,0.033691,529,6.231594,281000,0.026841,5.16,9,4,8,9,10,5,3,9,6,41
112305,Saitama,Niiza,新座市,0.001605,0.344255,-0.009161,-0.008229,0.023015,1000,6.009182,209700,0.017114,1.77,7,9,8,7,6,6,4,7,2,34
112313,Saitama,Okegawa,桶川市,-0.001338,0.259213,-0.014404,-0.009528,0.018909,471,6.350105,94700,0.004193,2.94,6,8,6,6,5,5,6,5,3,28
112321,Saitama,Kuki,久喜市,-0.00258,0.280586,-0.013881,-0.015099,0.013357,1086,7.193196,59800,0.000933,7.41,5,8,6,5,4,3,7,5,7,23
112330,Saitama,Kitamoto,北本市,-0.004786,0.067934,-0.023624,-0.014852,0.014167,401,6.143334,87400,0.001537,10.54,4,2,4,5,4,6,6,5,8,23
112348,Saitama,Yashio,八潮市,0.00934,0.488999,-0.005583,0.013222,0.040067,788,8.413859,133000,0.011964,2.09,10,10,9,10,10,2,5,7,3,41
112356,Saitama,Fujimi,富士見市,0.003346,0.189496,-0.00864,0.002651,0.030076,794,7.001517,181100,0.014779,4.06,8,6,8,9,9,3,4,7,5,37
112372,Saitama,Misato,三郷市,0.003577,0.282046,-0.002531,-0.009179,0.026411,1214,8.540154,114800,0.004757,3.83,8,8,9,6,8,2,5,5,4,33
112381,Saitama,Hasuda,蓮田市,-0.00246,0.074413,-0.01381,-0.011762,0.015513,412,6.74183,91200,0.002592,3.44,5,2,6,5,5,4,6,5,4,25
112399,Saitama,Sakado,坂戸市,-0.001961,0.098022,-0.018191,-0.014007,0.016617,682,6.84519,90800,0.001728,4.44,5,3,5,5,5,4,6,5,5,24
112402,Saitama,Satte,幸手市,-0.008556,0.134729,-0.024482,-0.029235,0.008537,441,9.0367,46800,-0.00304,11.19,3,4,4,2,3,1,8,4,8,13
112411,Saitama,Tsurugashima,鶴ヶ島市,-0.00049,0.144193,-0.021159,-0.009741,0.018479,470,6.730053,97300,0.004915,5.87,6,4,4,6,5,4,6,5,6,25
112429,Saitama,Hidaka,日高市,-0.005626,0.051591,-0.023731,-0.023983,0.009791,336,6.200177,49300,-0.004409,7.43,4,2,4,3,3,6,8,4,7,20
112437,Saitama,Yoshikawa,吉川市,0.002091,0.174762,-0.013263,-0.009951,0.023429,542,7.486601,91400,0.0011,7.75,7,5,7,6,6,3,6,5,7,29
112453,Saitama,Fujimino,ふじみ野市,0.001603,0.253836,-0.012573,-0.007614,0.023539,758,6.616678,195800,0.0177,2.33,7,8,7,7,6,4,4,8,3,31
112461,Saitama,Shiraoka,白岡市,0.000785,0.176935,-0.008753,-0.007621,0.013658,233,4.446225,83000,-0.000667,7.13,7,6,8,7,4,9,6,5,7,35
113018,Saitama,Ina,北足立郡伊奈町,-0.0039,0.202855,-0.020393,-0.008453,0.024902,261,5.794592,-,0,5.34,5,6,5,6,7,6,9,5,6,29
113247,Saitama,Miyoshi,入間郡三芳町,-0.0076,0.149948,-0.017981,-0.012929,0.013637,240,6.421061,148700,0.012475,2.44,3,4,5,5,4,5,5,7,3,22
113263,Saitama,Moroyama,入間郡毛呂山町,-0.0077,0.053071,-0.037737,-0.023818,0.005607,221,6.896982,37000,-0.007238,5.2,3,2,2,3,2,4,9,4,6,14
113271,Saitama,Ogose,入間郡越生町,-0.0191,0.106498,-0.041195,-0.032136,0.003433,64,5.949614,23900,-0.008036,10.2,1,3,1,2,2,6,9,3,8,12
113417,Saitama,Namegawa,比企郡滑川町,0.0017,0.199696,0.006018,-0.001883,0.03086,145,7.339171,53200,-0.000209,144.49,7,6,10,8,9,3,7,5,10,37
113425,Saitama,Arashiyama,比企郡嵐山町,-0.0045,0.285336,-0.028969,-0.015153,0.015167,120,6.925208,36800,-0.005863,6.59,4,9,3,5,5,3,9,4,6,20
113433,Saitama,Ogawamachi,比企郡小川町,-0.0127,0.035201,-0.039949,-0.040923,-0.008477,155,5.647042,-,0,3.64,3,1,1,1,1,7,9,5,4,13
113468,Saitama,Kawashima,比企郡川島町,-0.0164,0.159675,-0.038727,-0.036276,0.006515,174,9.319265,34400,-0.008063,8.58,2,5,1,1,2,1,9,3,7,7
113476,Saitama,Yosimi,比企郡吉見町,-0.0142,0.118671,-0.039842,-0.037354,0.000244,120,6.810443,28600,-0.002304,122.9,2,4,1,1,1,4,9,4,10,9
113484,Saitama,Hatoyama,比企郡鳩山町,-0.0145,0.246334,-0.035216,-0.042658,0.001904,45,3.520576,30200,-0.004672,5.98,2,8,2,1,2,10,9,4,6,17
113492,Saitama,Tokigawa,比企郡ときがわ町,-0.0165,0.04662,-0.033491,-0.042245,-0.005484,33,3.228963,17300,-0.013773,1.75,2,2,2,1,1,10,10,2,2,16
113611,Saitama,Yokoze,秩父郡横瀬町,-0.0111,0.146132,-0.031683,-0.029936,0.007117,25,3.289041,31900,-0.008987,1.64,3,4,2,2,2,10,9,3,2,19
113620,Saitama,Minano,秩父郡皆野町,-0.0201,0.167213,-0.036217,-0.033293,0.007476,30,3.379139,30900,-0.015609,6.72,1,5,2,2,2,10,9,2,6,17
113638,Saitama,Nagatoro,秩父郡長瀞町,-0.0216,0.089474,-0.045502,-0.036192,-0.005911,27,4.240616,-,0,0,1,3,1,2,1,9,9,5,1,14
113654,Saitama,Ogano,秩父郡小鹿野町,-0.0288,0.010695,-0.0524,-0.052857,-0.004701,23,2.286055,22300,-0.011737,145.75,1,1,1,1,1,10,9,3,10,14
113697,Saitama,Higashichichibu,秩父郡東秩父村,-0.0294,-0.197368,-0.072495,-0.053516,-0.006617,6,2.493766,8260,-0.017133,0,1,1,1,1,1,10,10,2,1,14
113816,Saitama,Misato,児玉郡美里町,-0.0089,0.498127,-0.020242,-0.026294,0.014035,53,4.960225,15100,-0.006412,0,3,10,5,3,4,8,10,4,1,23
113832,Saitama,Kamikawa,児玉郡神川町,-0.0178,0.164179,-0.038094,-0.022005,0.009327,74,5.799828,13700,-0.007797,43.61,1,5,2,3,3,6,10,3,9,15
113859,Saitama,Kamisato,児玉郡上里町,-0.0002,0.298077,-0.025443,-0.017412,0.014672,246,8.057648,35500,0.013371,22.35,6,9,4,4,4,2,9,7,9,20
114081,Saitama,Yorii,大里郡寄居町,-0.0061,0.216571,-0.029232,-0.021972,0.008174,105,3.314917,37400,0.000298,27.21,4,7,3,3,3,10,9,5,9,23
114421,Saitama,Miyashiro,南埼玉郡宮代町,-0.0043,0.135046,-0.005452,-0.011961,0.016713,265,7.917302,58400,0.00019,5.1,4,4,9,5,5,2,7,5,6,25
114642,Saitama,Sugito,北葛飾郡杉戸町,-0.0035,0.100481,-0.024702,-0.022992,0.012575,284,6.519444,55000,0,4.49,5,3,4,3,4,4,7,5,5,20
114651,Saitama,Matsubushi,北葛飾郡松伏町,-0.0091,0.206551,-0.03783,-0.019416,0.008122,196,7.035934,61300,-0.000362,15.81,3,7,2,4,3,3,7,5,8,15
121002,Chiba,Chiba,千葉市,0.002223,0.324467,-0.014068,-0.000289,0.025901,7287,7.406271,132100,0.013771,10.15,7,9,6,9,8,3,5,7,8,33
121011,Chiba,Chuo,千葉市中央区,0.007428,0.558133,-0.007168,0.012148,0.025901,2430,11.200066,145800,0.016979,10.15,10,10,8,10,8,1,5,7,8,37
121029,Chiba,Hanamigawa,千葉市花見川区,-0.000245,0.277342,-0.018189,0.00052,0.025901,955,5.396578,137200,0.006525,10.15,6,8,5,9,8,7,5,6,8,35
121037,Chiba,Inage,千葉市稲毛区,0.00045,0.170541,-0.014197,-0.008478,0.025901,1138,7.183164,162500,0.019396,10.15,6,5,6,6,8,3,4,8,8,29
121045,Chiba,Wakaba,千葉市若葉区,-0.002854,0.279579,-0.019314,-0.007483,0.025901,1060,7.222627,85900,0.009632,10.15,5,8,5,7,8,3,6,6,8,28
121053,Chiba,Midori,千葉市緑区,0.001907,0.324915,-0.015271,-0.007435,0.025901,630,4.868549,74700,0.030103,10.15,7,9,6,7,8,8,7,10,8,36
121061,Chiba,Mihama,千葉市美浜区,0.005034,0.087226,-0.012625,-0.000799,0.025901,1074,6.912086,177000,0.011353,10.15,9,2,7,8,8,4,4,7,8,36
122025,Chiba,Choshi,銚子市,-0.021328,0.06218,-0.051448,-0.036089,-0.011915,332,6.149743,33200,-0.009566,4.09,1,2,1,2,1,6,9,3,5,11
122033,Chiba,Ichikawa,市川市,0.004164,0.264973,-0.007252,0.000442,0.029573,2900,5.861902,268300,0.032838,3.65,8,8,8,9,8,6,3,10,4,39
122041,Chiba,Funabashi,船橋市,0.003941,0.116402,-0.006916,-0.002175,0.025857,4144,6.381344,175400,0.024796,3.39,8,4,8,8,7,5,4,9,4,36
122050,Chiba,Tateyama,館山市,-0.011647,0.207264,-0.032165,-0.027127,0.011622,225,5.166001,28000,0.000797,10.31,3,7,2,3,3,7,9,5,8,18
122068,Chiba,Kisarazu,木更津市,0.002334,0.161628,-0.006934,-0.003952,0.031427,785,5.736501,38300,0.030994,9.34,7,5,8,8,9,6,9,10,7,38
122076,Chiba,Matsudo,松戸市,0.0024,0.202729,-0.011601,0.000832,0.023589,2914,5.8234,145100,0.009806,3.44,7,6,7,9,7,6,5,6,4,36
122084,Chiba,Noda,野田市,-0.001263,0.232328,-0.01512,-0.010675,0.018463,975,6.350219,55500,-0.005832,12.59,6,7,6,6,5,5,7,4,8,28
122106,Chiba,Mobara,茂原市,-0.006871,0.100179,-0.024908,-0.021737,0.008569,548,6.382409,28100,-0.01365,5.73,4,3,4,4,3,5,9,3,6,20
122114,Chiba,Narita,成田市,0.001142,0.21587,-0.015616,-0.00411,0.01976,1107,8.317117,58900,0.030106,9.92,7,7,6,8,6,2,7,10,7,29
122122,Chiba,Sakura,佐倉市,-0.00483,0.100953,-0.019344,-0.022464,0.009059,788,4.648803,63100,-0.000352,9.18,4,3,5,3,3,8,7,5,7,23
122131,Chiba,Togane,東金市,-0.007223,0.031374,-0.025997,-0.022546,0.010957,501,8.863492,27500,-0.010716,5.71,4,1,3,3,3,1,9,3,6,14
122157,Chiba,Asahi,旭市,-0.009584,0.198205,-0.024996,-0.018683,0.010222,466,7.517827,28300,-0.000392,10.33,3,6,4,4,3,2,9,5,8,16
122165,Chiba,Narashino,習志野市,0.004058,0.240683,-0.007311,-0.00334,0.025897,1315,7.50978,182300,0.026156,6.72,8,8,8,8,7,3,4,9,6,34
122173,Chiba,Kashiwa,柏市,0.007547,0.097345,0.001469,-0.000945,0.027062,2778,6.34777,126200,0.017455,6.07,10,3,9,8,8,5,5,7,6,40
122181,Chiba,Katsuura,勝浦市,-0.024584,-0.190077,-0.053095,-0.061373,0.007969,139,9.136922,22800,-0.009299,0,1,1,1,1,2,1,9,3,1,6
122190,Chiba,Ichihara,市原市,-0.005206,0.122016,-0.020844,-0.017025,0.015,1587,5.946916,50900,0.016318,8.89,4,4,4,4,4,6,7,7,7,22
122203,Chiba,Nagareyama,流山市,0.021034,0.265526,0.032004,0.013444,0.050554,919,4.323444,149800,0.024195,5.17,10,8,10,10,10,9,5,9,6,49
122211,Chiba,Yachiyo,八千代市,0.006392,0.228601,-0.008847,0.006517,0.031021,1359,6.575,107000,0.006101,5.41,9,7,8,10,9,4,6,6,6,40
122220,Chiba,Abiko,我孫子市,-0.001291,0.205656,-0.019406,-0.005191,0.014302,617,4.698554,87900,0.002431,11.42,6,6,5,8,4,8,6,5,8,31
122238,Chiba,Kamogawa,鴨川市,-0.0145,0.167524,-0.031061,-0.022187,0.013143,147,4.8661,23700,0.004802,0,2,5,2,3,4,8,9,5,1,19
122246,Chiba,Kamagaya,鎌ケ谷市,0.000303,0.282377,-0.014876,-0.007923,0.020666,625,5.694398,92200,0.009339,3.27,6,9,6,7,6,6,6,6,4,31
122254,Chiba,Kimitsu,君津市,-0.010503,0.175096,-0.027478,-0.02403,0.009114,433,5.445171,42400,0.033205,11.6,3,5,3,3,3,7,8,10,8,19
122262,Chiba,Futtsu,富津市,-0.015411,0.207386,-0.035131,-0.031514,0.006731,184,4.551414,16400,-0.007816,51.3,2,7,2,2,2,9,10,3,9,17
122271,Chiba,Urayasu,浦安市,0.004842,0.131497,-0.018368,0.005208,0.090097,1073,6.26306,358000,0.035869,6.95,9,4,5,10,10,5,3,10,6,39
122289,Chiba,Yotsukaido,四街道市,0.005664,0.384146,0.003479,-0.000744,0.022347,578,5.994358,64900,0.005634,7.13,9,9,10,8,6,6,7,6,7,39
122297,Chiba,Sodegaura,袖ケ浦市,0.007011,0.380195,0.003614,0.000912,0.035197,320,4.841809,48700,0.027052,12.73,10,9,10,9,10,8,8,9,8,47
122301,Chiba,Yachimata,八街市,-0.009659,0.240433,-0.039039,-0.017984,0.020793,479,7.188846,24700,-0.002663,0.83,3,8,1,4,6,3,9,4,1,17
122319,Chiba,Inzai,印西市,0.01814,0.256137,0.024526,0.00058,0.03733,771,6.900502,43000,0.00863,16.84,10,8,10,9,10,4,8,6,8,43
122327,Chiba,Shiroi,白井市,-0.001684,0.281367,-0.017888,-0.025124,0.014247,317,5.094989,68300,-0.00812,9.5,6,8,5,3,4,8,7,3,7,26
122335,Chiba,Tomisato,富里市,0.000116,0.300574,-0.019109,-0.005007,0.018869,341,6.820136,40400,0.00861,3.41,6,9,5,8,5,4,8,6,4,28
122343,Chiba,Minamiboso,南房総市,-0.018737,0.047724,-0.037681,-0.042234,0.001797,146,4.285798,-,0,0,1,2,2,1,2,9,9,5,1,15
122351,Chiba,Sosa,匝瑳市,-0.015149,0.072256,-0.034022,-0.033804,0.004296,219,6.577762,27700,-0.003159,8.22,2,2,2,2,2,4,9,4,7,12
122360,Chiba,Katori,香取市,-0.015414,0.187189,-0.03626,-0.030009,0.003664,428,6.151635,29100,-0.004114,7.41,2,6,2,2,2,6,9,4,7,14
122378,Chiba,Sanmu,山武市,-0.013867,0.104807,-0.039129,-0.027746,0.003639,382,8.000838,12300,-0.001791,14.83,2,3,1,2,2,2,10,4,8,9
122386,Chiba,Isumi,いすみ市,-0.015692,-0.039879,-0.031753,-0.043476,0.004527,230,6.627287,16900,-0.015774,9.14,2,1,2,1,2,4,10,2,7,11
122394,Chiba,Oamishirasato,大網白里市,-0.006211,0.136792,-0.024209,-0.023125,0.010452,195,4.091481,32900,0.000678,2.44,4,4,4,3,3,9,9,5,3,23
123226,Chiba,Shisui,印旛郡酒々井町,-0.0065,0.196262,-0.027092,-0.016931,0.008243,175,8.708634,44700,0.006415,10.34,4,6,3,4,3,1,8,6,8,15
123293,Chiba,Sakae,印旛郡栄町,-0.0046,0.102674,-0.028309,-0.038784,-0.006374,85,4.331431,32600,-0.009734,10.54,4,3,3,1,1,9,9,3,8,18
123421,Chiba,Kozaki,香取郡神崎町,-0.0142,0.276,-0.035038,-0.022756,0.004173,23,4.082357,-,0,0,2,8,2,3,2,9,9,5,1,18
123471,Chiba,Tako,香取郡多古町,-0.0163,0.086131,-0.029344,-0.023043,0.034416,78,5.809623,14200,-0.000779,1.52,2,2,3,3,10,6,9,5,2,24
123498,Chiba,Tonosho,香取郡東庄町,-0.0167,0.236264,-0.03863,-0.030313,0.00951,87,6.900928,12800,-0.005077,0,2,7,1,2,3,4,9,4,1,12
124036,Chiba,Kujukuri,山武郡九十九里町,-0.02,0.03717,-0.053224,-0.048776,-0.004591,88,6.283919,9000,-0.007145,1.5,1,1,1,1,1,5,9,4,2,9
124095,Chiba,Shibayama,山武郡芝山町,-0.0187,0.279693,-0.037961,-0.029693,0.1016,57,8.579169,14500,-0.000763,0,1,8,2,2,10,1,9,5,1,16
124109,Chiba,Yokoshibahikari,山武郡横芝光町,-0.0141,-0.026005,-0.028296,-0.025047,0.010302,151,6.834125,13200,0.022547,0,2,1,3,3,3,4,9,8,1,15
124214,Chiba,Ichinomiya,長生郡一宮町,-0.0016,0.559265,-0.008368,-0.024467,0.027134,84,6.832601,18000,0.033334,3.64,6,10,8,3,8,4,9,10,4,29
124222,Chiba,Mutsuzawa,長生郡睦沢町,-0.0196,0.108108,-0.018847,-0.036662,-0.062603,31,4.733547,-,0,5.81,1,3,5,1,1,8,9,5,6,16
124231,Chiba,Chosei,長生郡長生村,-0.0162,0.92,-0.036955,-0.028842,0.008521,78,5.878363,12900,-0.005854,7.5,2,10,2,2,3,6,9,4,7,15
124249,Chiba,Shirako,長生郡白子町,-0.0146,0.06,-0.028688,-0.036685,0.015719,69,6.649961,11400,-0.007508,0,2,2,3,1,5,4,9,3,1,15
124265,Chiba,Nagara,長生郡長柄町,-0.0199,0.224299,-0.048461,-0.042437,-0.011366,38,6.096583,-,0,0,1,7,1,1,1,6,9,5,1,10
124273,Chiba,Chonan,長生郡長南町,-0.0256,-0.177515,-0.037023,-0.045394,-0.006953,32,4.523608,11400,-0.001931,0,1,1,2,1,1,9,9,4,1,14
124419,Chiba,Otaki,夷隅郡大多喜町,-0.024,0.127219,-0.02971,-0.053262,-0.003293,51,6.371018,-,0,0,1,4,3,1,1,5,9,5,1,11
124435,Chiba,Onjuku,夷隅郡御宿町,-0.016,0.220532,-0.039679,-0.039719,0.014691,30,4.340278,18600,-0.006364,0,2,7,1,1,4,9,9,4,1,17
124630,Chiba,Kyonan,安房郡鋸南町,-0.0202,-0.115854,-0.049977,-0.042381,-0.005992,17,2.545291,-,0,0,1,1,1,1,1,10,9,0,1,14
131016,Tokyo,Chiyoda,千代田区,0.018094,0.088905,0.025666,0.009091,0.053606,2965,43.074018,2968600,0.038482,3.871804,10,2,10,10,10,1,1,10,4,41
131024,Tokyo,Chuo,中央区,0.030507,0.117177,0.044285,0.018184,0.064583,2147,11.456532,1490800,0.043765,3.326175,10,4,10,10,10,1,1,10,4,41
131032,Tokyo,Minato,港区,0.010397,0.27886,0.020473,-0.004817,0.080012,3544,13.234745,2297300,0.050431,1.888606,10,8,10,8,10,1,1,10,2,39
131041,Tokyo,Shinjuku,新宿区,0.006012,0.167005,0.007947,0.002284,0.038773,6977,19.780731,906100,0.039387,1.567106,9,5,10,9,10,1,2,10,2,39
131059,Tokyo,Bunkyo,文京区,0.012574,0.156932,0.021686,0.006168,0.046626,1329,5.647029,1136700,0.043417,1.559086,10,5,10,10,10,7,1,10,2,47
131067,Tokyo,Taito,台東区,0.013364,0.189975,0.001282,0.025557,0.05454,2793,12.925529,1043200,0.042334,3.531479,10,6,9,10,10,1,1,10,4,40
131075,Tokyo,Sumida,墨田区,0.010415,0.227865,-0.001246,0.021723,0.049726,1992,6.933471,490700,0.031249,2.718305,10,7,9,10,10,3,3,10,3,42
131083,Tokyo,Koto,江東区,0.008601,0.160846,0.005172,0.006818,0.04643,3456,6.380092,539400,0.036044,4.386189,10,5,10,10,10,5,2,10,5,45
131091,Tokyo,Shinagawa,品川区,0.009793,0.19923,0.013108,0.006412,0.049984,2225,5.390202,971000,0.044838,1.80081,10,6,10,10,10,7,2,10,2,47
131105,Tokyo,Meguro,目黒区,0.004,0.125056,0.006468,-0.007529,0.041477,1380,4.904051,1090800,0.035353,1.662076,8,4,10,7,10,8,1,10,2,43
131113,Tokyo,Ota,大田区,0.004364,0.164783,-0.005993,0.006837,0.031136,4121,5.565016,579100,0.022934,2.80488,8,5,8,10,9,7,2,8,3,42
131121,Tokyo,Setagaya,世田谷区,0.004924,0.028329,0.002955,-0.005723,0.033839,4599,4.981532,682700,0.027479,2.767478,9,1,10,7,10,8,2,9,3,44
131130,Tokyo,Shibuya,渋谷区,0.005682,0.209945,0.010813,-0.00731,0.061512,4272,18.461379,1483200,0.0395,3.220184,9,7,10,7,10,1,1,10,4,37
131148,Tokyo,Nakano,中野区,0.006588,0.097999,0.007957,0.002584,0.034384,2135,6.255091,675000,0.034576,1.367519,9,3,10,9,10,5,2,10,2,43
131156,Tokyo,Suginami,杉並区,0.004702,0.220021,0.006374,-0.003902,0.031059,2547,4.413087,600200,0.029951,2.08638,9,7,10,8,9,9,2,9,3,45
131164,Tokyo,Toshima,豊島区,0.005426,0.048565,0.008593,0.002371,0.035204,4021,13.646977,728400,0.046298,0.71545,9,2,10,9,10,1,2,10,1,39
131172,Tokyo,Kita,北区,0.006607,0.11029,0.007736,0.010581,0.035758,2442,6.744198,597400,0.041337,2.702815,9,3,10,10,10,4,2,10,3,43
131181,Tokyo,Arakawa,荒川区,0.005659,0.21649,0.000114,0.008162,0.041019,1451,6.527862,577200,0.046688,1.894146,9,7,9,10,10,4,2,10,2,42
131199,Tokyo,Itabashi,板橋区,0.005555,0.178593,-0.004917,0.007002,0.031144,3492,6.031984,472200,0.030826,3.292288,9,6,9,10,9,6,3,10,4,43
131202,Tokyo,Nerima,練馬区,0.004077,0.332008,-0.004795,0.001455,0.028735,3672,4.922734,425900,0.022666,2.74836,8,9,9,9,8,8,3,8,3,42
131211,Tokyo,Adachi,足立区,0.003177,0.333665,-0.012867,0.008902,0.031984,4617,6.611999,348500,0.028933,4.548033,8,9,7,10,9,4,3,9,5,38
131229,Tokyo,Katsushika,葛飾区,0.004134,0.234645,-0.006164,0.008925,0.029823,3309,7.041684,346500,0.021233,3.954143,8,7,8,10,8,3,3,8,4,37
131237,Tokyo,Edogawa,江戸川区,0.001157,0.192221,-0.014173,0.000136,0.029817,4375,6.307943,394900,0.02774,5.006764,7,6,6,9,8,5,3,9,6,35
132012,Tokyo,Hachioji,八王子市,-0.000735,0.104598,-0.016558,-0.010294,0.019775,3010,5.383816,120900,0.00538,12.322402,6,3,5,6,6,7,5,6,8,30
132021,Tokyo,Tachikawa,立川市,0.00393,0.048514,-0.006637,-0.001068,0.028445,1690,9.073484,272400,0.018731,9.12595,8,2,8,8,8,1,3,8,7,33
132039,Tokyo,Musashino,武蔵野市,0.003647,0.094517,0.00543,-0.010342,0.028375,1353,9.139792,620300,0.026058,4.188465,8,3,10,6,8,1,2,9,5,33
132047,Tokyo,Mitaka,三鷹市,0.004534,0.089247,0.002652,-0.010264,0.030493,829,4.351775,444700,0.022468,3.153845,9,3,9,6,9,9,3,8,4,42
132055,Tokyo,Ome,青梅市,-0.006372,0.102027,-0.028285,-0.019692,0.009971,658,5.096627,95000,-0.004572,4.752936,4,3,3,4,3,8,6,4,5,22
132063,Tokyo,Fuchu,府中市,0.001826,0.057972,-0.009747,-0.009191,0.026457,1222,4.682028,321500,0.015636,6.936608,7,2,7,6,8,8,3,7,6,36
132071,Tokyo,Akishima,昭島市,0.002663,0.208462,-0.004196,-0.004812,0.022829,818,7.074166,195200,0.010113,9.714115,8,7,9,8,6,3,4,6,7,34
132080,Tokyo,Chofu,調布市,0.006192,0.180316,0.002017,-0.005593,0.028289,1300,5.431422,372200,0.018175,5.192326,9,6,9,7,8,7,3,8,6,40
132098,Tokyo,Machida,町田市,0.000839,0.066741,-0.012055,-0.007369,0.018928,2686,6.244043,161100,0.006041,10.161696,7,2,7,7,5,5,4,6,8,31
132101,Tokyo,Koganei,小金井市,0.0066,0.082279,0.007913,-0.003379,0.02596,600,4.793328,355400,0.015193,6.390406,9,2,10,8,8,8,3,7,6,43
132110,Tokyo,Kodaira,小平市,0.004734,0.253881,-0.001493,-0.006236,0.027762,1040,5.28458,239200,0.010571,2.640051,9,8,9,7,8,7,4,6,3,40
132128,Tokyo,Hino,日野市,0.003425,0.145204,-0.006735,-0.004085,0.02428,942,4.997957,199800,0.010731,7.060791,8,4,8,8,7,8,4,6,7,39
132136,Tokyo,Higashimurayama,東村山市,0.000688,0.160552,-0.009953,-0.007848,0.021747,751,4.947462,196700,0.008054,5.251334,6,5,7,7,6,8,4,6,6,34
132144,Tokyo,Kokubunji,国分寺市,0.008557,0.130353,0.009926,0.00108,0.033998,649,5.011583,311800,0.017979,1.736354,10,4,10,9,10,8,3,8,2,47
132152,Tokyo,Kunitachi,国立市,0.001631,0.327228,-0.009061,-0.006084,0.025821,431,5.665164,366500,0.017147,2.038082,7,9,8,7,7,7,3,7,3,36
132187,Tokyo,Fussa,福生市,-0.003911,0.096013,-0.019183,-0.007044,0.012382,449,7.935386,169000,0.008146,7.12416,5,3,5,7,4,2,4,6,7,23
132195,Tokyo,Komae,狛江市,0.002801,0.139944,0.001166,-0.010547,0.028167,354,4.314548,336300,0.015279,1.302074,8,4,9,6,8,9,3,7,2,40
132209,Tokyo,Higashiyamato,東大和市,-0.001434,0.057822,-0.013773,-0.016056,0.012445,560,6.588545,172700,0.005488,8.18168,6,2,6,4,4,4,4,6,7,24
132217,Tokyo,Kiyose,清瀬市,0.000905,0.286621,-0.010179,-0.000984,0.027555,477,6.359067,191100,0.007733,0.679466,7,9,7,8,8,5,4,6,1,35
132225,Tokyo,Higashikurume,東久留米市,-0.000764,0.08407,-0.009665,-0.013045,0.022323,728,6.258328,223800,0.008007,2.225726,6,2,7,5,6,5,4,6,3,29
132233,Tokyo,Musashimurayama,武蔵村山市,-0.002402,0.243779,-0.017238,-0.013809,0.019306,503,7.114971,124000,0.002541,17.644815,5,8,5,5,6,3,5,5,8,24
132241,Tokyo,Tama,多摩市,0.000176,0.107465,-0.010921,-0.015957,0.017036,843,5.692715,189500,0.001775,15.9217,6,3,7,5,5,7,4,5,8,30
132250,Tokyo,Inagi,稲城市,0.007943,0.148926,-0.001526,0.000383,0.033488,386,4.110056,250100,0.024468,10.841314,10,4,9,9,10,9,3,9,8,47
132276,Tokyo,Hamura,羽村市,-0.004474,0.036545,-0.021782,-0.013888,0.011417,421,7.778147,142200,0.003823,6.227458,4,1,4,5,3,2,5,5,6,18
132284,Tokyo,Akiruno,あきる野市,-0.003091,0.183895,-0.019485,-0.013234,0.015165,448,5.653425,98000,0.000341,3.766514,5,6,5,5,5,7,6,5,4,27
132292,Tokyo,Nishitokyo,西東京市,0.003996,0.16527,-0.002225,-0.005245,0.025953,1179,5.716502,303500,0.014592,1.339155,8,5,9,7,8,6,3,7,2,38
133035,Tokyo,Mizuho,西多摩郡瑞穂町,-0.0031,-0.033832,-0.02803,-0.020378,0.01144,203,6.341174,93700,0.003377,38.030208,5,1,3,4,3,5,8,5,9,20
133051,Tokyo,Hinode,西多摩郡日の出町,-0.0066,0.170492,-0.010509,-0.033977,0.002575,135,8.405454,87700,-0.000505,3.413785,4,5,7,2,2,2,8,5,4,17
133078,Tokyo,Hionohara,西多摩郡檜原村,-0.0255,0.270588,-0.028878,-0.064205,-4.5e-05,11,5.720229,-,0,0,1,8,3,1,1,6,8,5,1,12
133086,Tokyo,Okutama,西多摩郡奥多摩町,-0.0301,0.096618,-0.018249,-0.0229,-0.006849,9,2.003562,-,0,0,1,3,5,3,1,10,8,5,1,20
133612,Tokyo,Oshima,大島町,-0.0235,-0.076536,-0.030907,-0.027365,0.003746,6,0.880669,9300,-0.005802,9.817665,1,1,3,2,2,10,8,4,7,18
133621,Tokyo,Rishima,利島村,-0.0095,0.113924,-0.0082,-0.024489,0.015576,0,0,6300,,0,3,3,8,3,5,10,8,5,1,29
133639,Tokyo,Nijima,新島村,-0.0168,0,-0.028571,-0.030434,0.011961,7,2.898551,7100,-0.006816,5.055035,2,1,3,2,4,10,8,4,6,21
133647,Tokyo,Kozushima,神津島村,-0.021,0.04,-0.017722,-0.016382,0.004442,1,0.575705,8900,0,0,1,1,5,4,2,10,8,5,1,22
133817,Tokyo,Miyake,三宅村,-0.0204,-0.090373,0.004529,-0.020928,0.00848,3,1.356852,-,-0.003677,0,1,1,10,4,3,10,8,4,1,28
133825,Tokyo,Okurasima,御蔵島村,-0.0034,0.020619,-0.009146,-0.033971,0.012884,0,0,-,,0,5,1,8,2,4,10,8,5,1,29
134015,Tokyo,Hchijo,八丈町,-0.0121,-0.029064,-0.01899,-0.016008,0.016594,16,2.339865,9000,-0.002439,16.212885,3,1,5,5,5,10,8,4,8,28
134023,Tokyo,Aogashima,青ヶ島村,-0.0714,-0.053333,-0.037591,0.012576,0.017648,0,0,40800,,0,1,1,2,10,5,10,8,5,1,28
134210,Tokyo,Ogasawara,小笠原村,0.0074,0.014306,-0.012555,-0.029402,0.021985,11,4.407051,40800,0,62.512546,10,1,7,2,6,9,8,5,10,34
141003,Kanagawa,Yokohama,横浜市,0.000714,0.208823,-0.012639,-0.004772,0.024683,18924,5.041831,245800,0.013529,4.931162,7,7,7,8,7,8,4,7,5,37
141011,Kanagawa,Tsurumi,横浜市鶴見区,0.003176,0.261877,-0.008308,-0.000487,0.024683,1756,5.933495,284100,0.014851,4.931162,8,8,8,9,7,6,3,7,5,38
141020,Kanagawa,Kanagawa,横浜市神奈川区,0.005303,0.197346,-0.004167,0.004454,0.024683,1200,4.881382,300700,0.027868,4.931162,9,6,9,9,7,8,3,9,5,42
141038,Kanagawa,Nishi,横浜市西区,0.009029,0.17638,0.005285,0.005779,0.024683,1539,14.493163,334800,0.028801,4.931162,10,5,10,10,7,1,3,9,5,38
141046,Kanagawa,Naka,横浜市中区,0.003188,0.369105,-0.010004,-0.001012,0.024683,1711,11.012705,377700,0.024076,4.931162,8,9,7,8,7,1,3,9,5,31
141054,Kanagawa,Minami,横浜市南区,0.001045,0.26191,-0.013554,0.005456,0.024683,786,3.918519,230400,0.016867,4.931162,7,8,6,10,7,10,4,7,5,40
141062,Kanagawa,Hodogaya,横浜市保土ケ谷区,-0.000902,0.218156,-0.014104,-0.003479,0.024683,819,4.040334,202700,0.010265,4.931162,6,7,6,8,7,9,4,6,5,36
141071,Kanagawa,Isogo,横浜市磯子区,-0.001511,0.284289,-0.009486,-0.01423,0.024683,714,4.311959,195100,0.005803,4.931162,6,9,8,5,7,9,4,6,5,35
141089,Kanagawa,Kanazawa,横浜市金沢区,-0.005543,0.161377,-0.021681,-0.016966,0.024683,1057,5.50495,185900,0.002604,4.931162,4,5,4,4,7,7,4,5,5,26
141097,Kanagawa,Kohoku,横浜市港北区,0.006161,0.133856,-0.000833,-0.000606,0.024683,1763,4.922312,331100,0.018115,4.931162,9,4,9,8,7,8,3,8,5,41
141101,Kanagawa,Totsuka,横浜市戸塚区,0.001739,0.172385,-0.009377,-0.007951,0.024683,1151,4.098331,204700,0.007903,4.931162,7,5,8,7,7,9,4,6,5,38
141119,Kanagawa,Konan,横浜市港南区,-0.002708,0.229023,-0.015806,-0.010024,0.024683,1000,4.728826,209000,0.007619,4.931162,5,7,6,6,7,8,4,6,5,32
141127,Kanagawa,Asahi,横浜市旭区,-0.003216,0.212374,-0.015279,-0.009977,0.024683,1105,4.566984,196700,0.009533,4.931162,5,7,6,6,7,8,4,6,5,32
141135,Kanagawa,Midori,横浜市緑区,0.001152,0.203666,-0.013595,-0.006007,0.024683,720,3.965675,227200,0.010617,4.931162,7,6,6,7,7,10,4,6,5,37
141143,Kanagawa,Seya,横浜市瀬谷区,-0.003758,0.218757,-0.023456,-0.006232,0.024683,644,5.290353,182000,0.007017,4.931162,5,7,4,7,7,7,4,6,5,30
141151,Kanagawa,Sakae,横浜市栄区,-0.002255,0.179161,-0.016845,-0.008918,0.024683,399,3.306182,177000,-0.002602,4.931162,5,6,5,6,7,10,4,4,5,33
141160,Kanagawa,Izumi,横浜市泉区,-0.002991,0.17251,-0.018266,-0.009616,0.024683,654,4.32952,207500,0.010489,4.931162,5,5,5,6,7,9,4,6,5,32
141178,Kanagawa,Aoba,横浜市青葉区,-0.0005,0.167195,-0.01834,-0.010901,0.024683,930,3.029711,312800,0.018001,4.931162,6,5,5,6,7,10,3,8,5,34
141186,Kanagawa,Tsuzuki,横浜市都筑区,0.001341,0.152232,-0.020915,-0.006257,0.024683,976,4.544693,293800,0.016439,4.931162,7,4,4,7,7,9,3,7,5,34
141305,Kanagawa,Kawasaki,川崎市,0.00561,0.160341,-0.005716,0.001053,0.032268,8256,5.378008,290300,0.015487,3.959206,9,5,8,9,9,7,3,7,4,42
141313,Kanagawa,Kawasaki,川崎市川崎区,0.003914,0.348648,-0.011842,0.005864,0.032268,2489,10.641891,301300,0.014921,3.959206,8,9,7,10,9,1,3,7,4,35
141321,Kanagawa,Saiwai,川崎市幸区,0.008612,0.022206,0.007079,0.003085,0.032268,1051,6.012311,340200,0.017703,3.959206,10,1,10,9,9,6,3,8,4,44
141330,Kanagawa,Nakahara,川崎市中原区,0.008784,0.134471,0.000958,0.002966,0.032268,1083,4.106457,433200,0.024403,3.959206,10,4,9,9,9,9,3,9,4,46
141348,Kanagawa,Takatsu,川崎市高津区,0.003544,0.112146,-0.009577,-0.004866,0.032268,1175,5.065594,325500,0.019528,3.959206,8,3,7,8,9,8,3,8,4,40
141356,Kanagawa,Tama,川崎市多摩区,0.006934,0.094043,-0.00736,0.008921,0.032268,952,4.356321,250100,0.01538,3.959206,10,3,8,10,9,9,3,7,4,46
141364,Kanagawa,Miyamae,川崎市宮前区,0.004396,0.250947,-0.007782,-0.006933,0.032268,772,3.295638,264300,0.008781,3.959206,8,8,8,7,9,10,3,6,4,42
141372,Kanagawa,Asao,川崎市麻生区,0.003064,0.165107,-0.010382,-0.004809,0.032268,734,4.124152,214600,0.005919,3.959206,8,5,7,8,9,9,4,6,4,41
141500,Kanagawa,Sagamihara,相模原市,-2.3e-05,0.2266,-0.015254,-0.010111,0.020642,4530,6.322454,174900,0.016685,4.985596,6,7,6,6,6,5,4,7,5,29
141518,Kanagawa,Midori,相模原市緑区,-0.004945,0.219543,-0.023083,-0.019522,0.020642,979,5.905702,146400,0.027087,4.985596,4,7,4,4,6,6,5,9,5,24
141526,Kanagawa,Chuo,相模原市中央区,0.000986,0.205567,-0.015612,-0.008624,0.020642,1820,6.694573,162500,0.011277,4.985596,7,6,6,6,6,4,4,7,5,29
141534,Kanagawa,Minami,相模原市南区,0.002018,0.24888,-0.009989,-0.006151,0.020642,1731,6.207416,207700,0.015157,4.985596,7,8,7,7,6,5,4,7,5,32
142018,Kanagawa,Yokosuka,横須賀市,-0.009931,0.063813,-0.026272,-0.021966,0.007298,1348,3.556344,106800,-0.014496,17.297895,3,2,3,3,2,10,6,2,8,21
142034,Kanagawa,Hiratsuka,平塚市,-0.000414,0.115312,-0.01584,-0.009486,0.018164,1734,6.758943,140700,-0.001411,5.50969,6,4,6,6,5,4,5,4,6,27
142042,Kanagawa,Kamakura,鎌倉市,-0.001494,0.135986,-0.010076,-0.013321,0.026931,840,4.812788,219200,0.010125,9.898266,6,4,7,5,8,8,4,6,7,34
142051,Kanagawa,Fujisawa,藤沢市,0.004864,0.17348,-0.00423,-0.005617,0.028238,2463,5.534322,204600,0.009984,5.298869,9,5,9,7,8,7,4,6,6,40
142069,Kanagawa,Odawara,小田原市,-0.004678,0.150103,-0.021049,-0.014191,0.017978,1555,8.339411,99800,-0.013513,5.451596,4,4,4,5,5,2,6,3,6,20
142077,Kanagawa,Chigasaki,茅ヶ崎市,0.00277,0.103565,-0.006984,-0.010769,0.027157,1343,5.429663,216000,0.011544,3.364344,8,3,8,6,8,7,4,7,4,37
142085,Kanagawa,Zushi,逗子市,-0.004074,0.322134,-0.011846,-0.020696,0.025915,296,5.118716,198200,0.006365,16.242105,4,9,7,4,8,8,4,6,8,31
142107,Kanagawa,Miura,三浦市,-0.01563,0.086382,-0.037814,-0.035042,-0.000807,191,4.793936,60600,-0.033567,9.166667,2,2,2,2,1,8,7,1,7,15
142115,Kanagawa,Hadano,秦野市,-0.00345,0.003063,-0.021641,-0.019164,0.010855,714,4.502658,81000,-0.016635,6.578882,5,1,4,4,3,9,6,2,6,25
142123,Kanagawa,Atsugi,厚木市,-0.001029,0.114971,-0.018804,-0.010753,0.01895,1498,6.704741,121800,0.010168,8.173661,6,3,5,6,5,4,5,6,7,26
142131,Kanagawa,Yamato,大和市,0.00516,0.287162,-0.005074,0.000886,0.026567,1840,7.487284,205900,0.013002,3.309129,9,9,9,9,8,3,4,7,4,38
142140,Kanagawa,Isehara,伊勢原市,-8.7e-05,0.135502,-0.017557,-0.006581,0.019645,506,5.069328,112000,0.002105,5.142157,6,4,5,7,6,8,5,5,6,32
142158,Kanagawa,Ebina,海老名市,0.008338,0.190985,-0.001498,0.005861,0.034662,890,6.322684,165900,0.016169,4.703597,10,6,9,10,10,5,4,7,5,44
142166,Kanagawa,Zama,座間市,0.001294,0.175269,-0.013081,-0.007722,0.021137,814,6.20337,159900,0.005793,4.909848,7,5,7,7,6,5,4,6,5,32
142174,Kanagawa,Minamiashigara,南足柄市,-0.009487,0.047642,-0.03376,-0.02682,0.003483,189,4.705707,62900,-0.0176,5.1175,3,2,2,3,2,8,7,2,6,18
142182,Kanagawa,Ayase,綾瀬市,-0.001707,0.192294,-0.014302,-0.008814,0.020909,455,5.419764,127500,-0.005427,6.977108,6,6,6,6,6,7,5,4,6,31
143014,Kanagawa,Miurahayama,三浦郡葉山町,-0.0108,0.211978,-0.015216,-0.0313,0.023394,90,2.829032,157500,0.007848,19.490909,3,7,6,2,6,10,4,6,8,27
143219,Kanagawa,Samukawa,高座郡寒川町,0.0015,0.174152,-0.007759,-0.011955,0.019572,271,5.530951,127200,0.002387,3.8125,7,5,8,5,6,7,5,5,4,33
143413,Kanagawa,Oiso,中郡大磯町,-0.0065,0.009615,-0.013645,-0.02791,0.010312,119,3.747205,109700,-0.010925,10.935484,4,1,6,2,3,10,6,3,8,25
143421,Kanagawa,Ninomiya,中郡二宮町,-0.0062,0.244332,-0.022724,-0.026173,-0.051161,150,5.471457,90700,-0.013818,8.421429,4,8,4,3,1,7,6,2,7,19
143618,Kanagawa,Nakai,足柄上郡中井町,-0.015,0.098765,-0.034462,-0.026811,0.002489,32,3.595102,46300,-0.020132,24.566667,2,3,2,3,2,10,8,1,9,19
143626,Kanagawa,Oi,足柄上郡大井町,0.0063,0.235028,-0.021294,-0.003394,0.021314,111,6.369792,-,0,0.282353,9,7,4,8,6,5,7,5,1,32
143634,Kanagawa,Matsuda,足柄上郡松田町,-0.0122,0.290476,-0.024948,-0.023324,0.006079,55,5.278818,90200,-0.013352,7.177778,3,9,4,3,2,7,6,3,7,19
143642,Kanagawa,Yamakita,足柄上郡山北町,-0.0148,0.21148,-0.042603,-0.045169,-0.004775,38,4.102343,35500,-0.026723,24.433333,2,7,1,1,1,9,9,1,9,14
143669,Kanagawa,Kaisei,足柄上郡開成町,0.0045,0.169399,0.001667,-0.000214,0.035251,105,5.655499,105800,-0.001563,1.678947,8,5,9,9,10,7,6,4,2,43
143821,Kanagawa,Hakone,足柄下郡箱根町,0.0057,0.176471,-0.047218,0.014671,-0.000339,98,9.044762,26800,-0.018484,17.627273,9,6,1,10,1,1,9,2,8,22
143839,Kanagawa,Manazuru,足柄下郡真鶴町,-0.0247,0.046512,-0.046176,-0.041132,0.016883,20,3.052037,49700,-0.030535,3.114286,1,2,1,1,5,10,8,1,4,18
143847,Kanagawa,Yugawara,足柄下郡湯河原町,-0.0174,0.106796,-0.048457,-0.023343,0.030589,102,4.399776,69400,-0.017162,10.716667,1,3,1,3,9,9,7,2,8,23
144011,Kanagawa,Aikawa,愛甲郡愛川町,-0.0026,0.155346,-0.028686,-0.011083,0.010801,158,4.012495,49600,-0.014948,24.875,5,4,3,5,3,9,8,2,9,25
144029,Kanagawa,Kiyokawa,愛甲郡清川村,-0.0171,-0.053571,-0.028975,-0.04083,-0.008488,5,1.840943,36800,-0.020153,0,2,1,3,1,1,10,9,1,1,17
